Date,Currency,Account Number,CR Amount,DB Amount,Ref Num
2008/11/23,USD,abc123,"$1,000.00 ",$0.00 ,def123
8/15/23,USD,abc123,"$2,000.00 ",$0.00 ,def124
8/15/23,USD,abc123,$0.00 ,$10.00 ,def125
8/15/23,USD,abc123,$0.00 ,$500.00 ,def126
8/16/23,USD,abc123,"$100,000.00 ",$0.00 ,def127
8/17/23,USD,abc123,"$1,342,792.00 ",$0.00 ,def128
8/17/23,USD,abc123,"$662,017.00 ",$0.00 ,def129
8/17/23,USD,abc123,$0.00 ,"$42,065.97 ",def130
8/17/23,USD,abc123,$0.00 ,"$461,794.75 ",def131
8/18/23,USDD,abc123,$0.00 ,"$380,000.00 ",def132
8/18/23,USD,abc123,$0.00 ,"$49,750.00 ",def133
8/18/23,USD,abc123,$0.00 ,"$429,513.66 ",def134
8/18/23,USD,abc123,$0.00 ,"$500,000.00 ",def135
8/21/23,USD,abc123,"$1,524,332.00 ",$0.00 ,def136
8/21/23,USD,abc123,"$799,304.00 ",$0.00 ,def137
8/21/23,USD,abc123,$0.00 ,$10.00 ,def138
8/21/23,USD,abc123,$0.00 ,"$650,000.00 ",def139
8/21/23,USD,abc123,$0.00 ,"$997,100.00 ",def140
8/21/23,USD,abc123,$0.00 ,"$98,104.80 ",def141
8/21/23,USD,abc123,$0.00 ,"$798,260.54 ",def142
8/22/23,USD,abc123,"$767,827.00 ",$0.00 ,def143
8/22/23,USD,abc123,"$250,376.00 ",$0.00 ,def144
8/22/23,USD,abc123,"$60,974.00 ",$0.00 ,def145
8/22/23,USD,abc123,"$31,987.00 ",$0.00 ,def146
8/22/23,USD,abc123,"$500,000.00 ",$0.00 ,def147
8/22/23,USD,abc123,$0.00 ,"$499,000.00 ",def148
8/22/23,USD,abc123,$0.00 ,"$53,945.92 ",def149
8/22/23,USD,abc123,$0.00 ,"$99,500.00 ",def150
8/22/23,USD,abc123,$0.00 ,"$250,049.10 ",def151
8/22/23,USD,abc123,$0.00 ,"$299,250.00 ",def152
8/22/23,USD,abc123,$0.00 ,"$328,079.79 ",def153
8/23/23,USD,abc123,"$4,796,160.00 ",$0.00 ,def154
8/23/23,USD,abc123,"$100,000.00 ",$0.00 ,def155
8/23/23,USD,abc123,"$100,000.00 ",$0.00 ,def156
8/23/23,USD,abc123,"$490,000.00 ",$0.00 ,def157
8/23/23,USD,abc123,$0.00 ,"$199,000.05 ",def158
8/23/23,USD,abc123,$0.00 ,"$99,496.23 ",def159
8/23/23,USD,abc123,$0.00 ,"$229,794.94 ",def160
8/23/23,USD,abc123,$0.00 ,"$249,246.22 ",def161
8/23/23,USD,abc123,$0.00 ,"$532,000.00 ",def162
8/23/23,USD,abc123,$0.00 ,"$848,300.00 ",def163
8/23/23,USD,abc123,$0.00 ,"$948,100.00 ",def164
8/23/23,USD,abc123,$0.00 ,"$1,995,984.03 ",def165
8/24/23,USD,abc123,"$2,596,733.00 ",$0.00 ,def166
8/24/23,USD,abc123,"$999,581.00 ",$0.00 ,def167
8/24/23,USD,abc123,"$250,000.00 ",$0.00 ,def168
8/24/23,USD,abc123,"$250,000.00 ",$0.00 ,def169
8/24/23,USD,abc123,$0.00 ,"$99,500.00 ",def170
8/24/23,USD,abc123,$0.00 ,"$72,631.23 ",def171
8/24/23,USD,abc123,$0.00 ,"$310,048.06 ",def172
8/24/23,USD,abc123,$0.00 ,"$400,078.56 ",def173
8/24/23,USD,abc123,$0.00 ,"$998,000.00 ",def174
8/24/23,USD,abc123,$0.00 ,"$1,995,999.00 ",def175
8/25/23,USD,abc123,"$1,770,827.00 ",$0.00 ,def176
8/25/23,USD,abc123,"$250,000.00 ",$0.00 ,def177
8/25/23,USD,abc123,$0.00 ,"$498,750.00 ",def178
8/25/23,USD,abc123,$0.00 ,"$20,000.24 ",def179
8/25/23,USD,abc123,$0.00 ,"$99,500.00 ",def180
8/25/23,USD,abc123,$0.00 ,"$209,365.02 ",def181
8/25/23,USD,abc123,$0.00 ,"$223,277.19 ",def182
8/25/23,USD,abc123,$0.00 ,"$664,000.01 ",def183
8/28/23,USD,abc123,"$3,165,056.00 ",$0.00 ,def184
8/28/23,USD,abc123,"$2,524,987.00 ",$0.00 ,def185
8/28/23,USD,abc123,"$40,750.00 ",$0.00 ,def186
8/28/23,USD,abc123,"$210,000.00 ",$0.00 ,def187
8/28/23,USD,abc123,$0.00 ,"$100,495.00 ",def188
8/28/23,USD,abc123,$0.00 ,"$100,495.00 ",def189
8/28/23,USD,abc123,$0.00 ,"$100,495.00 ",def190
8/28/23,USD,abc123,$0.00 ,"$100,495.00 ",def191
8/28/23,USD,abc123,$0.00 ,"$898,290.00 ",def192
8/28/23,USD,abc123,$0.00 ,"$9,900.00 ",def193
8/28/23,USD,abc123,$0.00 ,"$209,365.02 ",def194
8/28/23,USD,abc123,$0.00 ,"$249,250.00 ",def195
8/28/23,USD,abc123,$0.00 ,"$320,915.88 ",def196
8/28/23,USD,abc123,$0.00 ,"$330,627.02 ",def197
8/28/23,USD,abc123,$0.00 ,"$400,078.55 ",def198
8/28/23,USD,abc123,$0.00 ,"$661,000.00 ",def199
8/28/23,USD,abc123,$0.00 ,"$996,995.02 ",def200
8/28/23,USD,abc123,$0.00 ,"$1,961,470.20 ",def201
8/29/23,USD,abc123,"$3,877,755.00 ",$0.00 ,def202
8/29/23,USD,abc123,$0.00 ,"$274,000.00 ",def203
8/29/23,USD,abc123,$0.00 ,"$299,125.01 ",def204
8/29/23,USD,abc123,$0.00 ,"$331,385.19 ",def205
8/29/23,USD,abc123,$0.00 ,"$998,000.00 ",def206
8/29/23,USD,abc123,$0.00 ,"$1,968,754.60 ",def207
8/30/23,USD,abc123,"$1,999,485.00 ",$0.00 ,def208
8/30/23,USD,abc123,"$2,788,884.00 ",$0.00 ,def209
8/30/23,USD,abc123,"$50,089.00 ",$0.00 ,def210
8/30/23,USD,abc123,"$250,000.00 ",$0.00 ,def211
8/30/23,USD,abc123,$0.00 ,"$100,495.00 ",def212
8/30/23,USD,abc123,$0.00 ,"$137,500.00 ",def213
8/30/23,USD,abc123,$0.00 ,"$148,182.17 ",def214
8/30/23,USD,abc123,$0.00 ,"$335,781.03 ",def215
8/30/23,USD,abc123,$0.00 ,"$763,455.00 ",def216
8/30/23,USD,abc123,$0.00 ,"$998,000.00 ",def217
8/30/23,USD,abc123,$0.00 ,"$1,005,446.00 ",def218
8/30/23,USD,abc123,$0.00 ,"$1,225,684.00 ",def219
8/31/23,USD,abc123,"$1,999,600.00 ",$0.00 ,def220
8/31/23,USD,abc123,"$200,000.00 ",$0.00 ,def221
8/31/23,USD,abc123,$0.00 ,"$150,000.00 ",def222
8/31/23,USD,abc123,$0.00 ,"$79,760.00 ",def223
8/31/23,USD,abc123,$0.00 ,"$100,495.00 ",def224
8/31/23,USD,abc123,$0.00 ,"$99,500.00 ",def225
8/31/23,USD,abc123,$0.00 ,"$99,700.00 ",def226
8/31/23,USD,abc123,$0.00 ,"$199,395.96 ",def227
8/31/23,USD,abc123,$0.00 ,"$235,664.74 ",def228
8/31/23,USD,abc123,$0.00 ,"$660,000.00 ",def229
2009/1/23,USD,abc123,"$4,874,812.00 ",$0.00 ,def230
2009/1/23,USD,abc123,$0.00 ,"$500,000.00 ",def231
2009/1/23,USD,abc123,$0.00 ,"$10,000.00 ",def232
2009/1/23,USD,abc123,$0.00 ,"$90,000.00 ",def233
2009/1/23,USD,abc123,$0.00 ,"$30,018.80 ",def234
2009/1/23,USD,abc123,$0.00 ,"$404,472.38 ",def235
2009/1/23,USD,abc123,$0.00 ,"$99,700.00 ",def236
2009/1/23,USD,abc123,$0.00 ,"$253,960.75 ",def237
2009/1/23,USD,abc123,$0.00 ,"$309,097.80 ",def238
2009/1/23,USD,abc123,$0.00 ,"$928,000.00 ",def239
2009/1/23,USD,abc123,$0.00 ,"$1,426,268.00 ",def240
2009/1/23,USD,abc123,$0.00 ,"$1,789,563.00 ",def241
2009/5/23,USD,abc123,"$1,798,605.00 ",$0.00 ,def242
2009/5/23,USD,abc123,"$99,918.00 ",$0.00 ,def243
2009/5/23,USD,abc123,"$78,255.00 ",$0.00 ,def244
2009/5/23,USDD,abc123,$0.00 ,"$99,500.00 ",def245
2009/5/23,USD,abc123,$0.00 ,"$99,500.00 ",def246
2009/5/23,USD,abc123,$0.00 ,"$100,495.00 ",def247
2009/5/23,USD,abc123,$0.00 ,"$358,294.92 ",def248
2009/5/23,USD,abc123,$0.00 ,"$401,474.95 ",def249
2009/5/23,USD,abc123,$0.00 ,"$4,000.00 ",def250
2009/5/23,USD,abc123,$0.00 ,"$54,725.00 ",def251
2009/5/23,USD,abc123,$0.00 ,"$98,104.80 ",def252
2009/5/23,USD,abc123,$0.00 ,"$258,327.76 ",def253
2009/5/23,USD,abc123,$0.00 ,"$329,039.80 ",def254
2009/5/23,USD,abc123,$0.00 ,"$502,000.00 ",def255
2009/6/23,USD,abc123,"$5,992,626.00 ",$0.00 ,def256
2009/6/23,USD,abc123,"$1,000.00 ",$0.00 ,def257
2009/6/23,USD,abc123,"$103,680.00 ",$0.00 ,def258
2009/6/23,USD,abc123,"$350,000.00 ",$0.00 ,def259
2009/6/23,USD,abc123,$0.00 ,"$99,700.00 ",def260
2009/6/23,USD,abc123,$0.00 ,"$383,573.87 ",def261
2009/6/23,USD,abc123,$0.00 ,"$504,625.91 ",def262
2009/6/23,USD,abc123,$0.00 ,"$833,797.06 ",def263
2009/6/23,USD,abc123,$0.00 ,"$998,200.00 ",def264
2009/6/23,USD,abc123,$0.00 ,"$1,637,203.09 ",def265
2009/6/23,USD,abc123,$0.00 ,"$1,856,497.00 ",def266
2009/7/23,USD,abc123,"$299,751.00 ",$0.00 ,def267
2009/7/23,USD,abc123,"$1,049,099.00 ",$0.00 ,def268
2009/7/23,USD,abc123,"$1,700,000.00 ",$0.00 ,def269
2009/7/23,USD,abc123,"$4,995,500.00 ",$0.00 ,def270
2009/7/23,USD,abc123,"$200,000.00 ",$0.00 ,def271
2009/7/23,USD,abc123,$0.00 ,"$99,500.00 ",def272
2009/7/23,USD,abc123,$0.00 ,"$798,400.00 ",def273
2009/7/23,USD,abc123,$0.00 ,"$997,800.00 ",def274
2009/7/23,USD,abc123,$0.00 ,"$1,778,312.33 ",def275
2009/7/23,USD,abc123,$0.00 ,"$19,800.00 ",def276
2009/7/23,USD,abc123,$0.00 ,"$300,093.80 ",def277
2009/7/23,USD,abc123,$0.00 ,"$407,916.24 ",def278
2009/7/23,USD,abc123,$0.00 ,"$998,200.00 ",def279
2009/7/23,USD,abc123,$0.00 ,"$1,356,497.00 ",def280
2009/7/23,USD,abc123,$0.00 ,"$1,656,266.00 ",def281
2009/8/23,USD,abc123,"$1,399,300.00 ",$0.00 ,def282
2009/8/23,USD,abc123,"$120,000.00 ",$0.00 ,def283
2009/8/23,USD,abc123,$0.00 ,"$99,500.00 ",def284
2009/8/23,USD,abc123,$0.00 ,"$100,495.00 ",def285
2009/8/23,USD,abc123,$0.00 ,"$99,750.00 ",def286
2009/8/23,USD,abc123,$0.00 ,"$199,500.00 ",def287
2009/8/23,USD,abc123,$0.00 ,"$238,531.34 ",def288
2009/8/23,USD,abc123,$0.00 ,"$259,242.80 ",def289
2009/8/23,USD,abc123,$0.00 ,"$560,000.00 ",def290
2009/11/23,USD,abc123,"$3,643,755.00 ",$0.00 ,def291
2009/11/23,USD,abc123,"$130,000.00 ",$0.00 ,def292
2009/11/23,USD,abc123,"$200,000.00 ",$0.00 ,def293
2009/11/23,USD,abc123,$0.00 ,"$359,211.00 ",def294
2009/11/23,USD,abc123,$0.00 ,"$99,500.00 ",def295
2009/11/23,USD,abc123,$0.00 ,"$304,540.77 ",def296
2009/11/23,USD,abc123,$0.00 ,"$383,248.35 ",def297
2009/11/23,USD,abc123,$0.00 ,"$392,771.00 ",def298
2009/11/23,USD,abc123,$0.00 ,"$299,127.75 ",def299
2009/11/23,USD,abc123,$0.00 ,"$500,000.00 ",def300
2009/11/23,USD,abc123,$0.00 ,"$575,666.67 ",def301
2009/11/23,USD,abc123,$0.00 ,"$826,000.00 ",def302
2009/12/23,USD,abc123,"$999,700.00 ",$0.00 ,def303
2009/12/23,USD,abc123,$0.00 ,"$219,340.00 ",def304
2009/12/23,USD,abc123,$0.00 ,"$260,309.46 ",def305
2009/12/23,USD,abc123,$0.00 ,"$299,136.72 ",def306
2009/12/23,USD,abc123,$0.00 ,"$497,000.00 ",def307
9/13/23,USD,abc123,"$1,199,640.00 ",$0.00 ,def308
9/13/23,USD,abc123,"$50,000.00 ",$0.00 ,def309
9/13/23,USD,abc123,$0.00 ,"$295,096.85 ",def310
9/13/23,USD,abc123,$0.00 ,"$299,097.75 ",def311
9/13/23,USD,abc123,$0.00 ,"$551,000.00 ",def312
9/14/23,USD,abc123,"$4,044,131.00 ",$0.00 ,def313
9/14/23,USD,abc123,"$299,970.00 ",$0.00 ,def314
9/14/23,USD,abc123,$0.00 ,"$382,741.67 ",def315
9/14/23,USD,abc123,$0.00 ,"$410,826.09 ",def316
9/14/23,USD,abc123,$0.00 ,"$964,523.00 ",def317
9/14/23,USD,abc123,$0.00 ,"$1,258,752.00 ",def318
9/14/23,USD,abc123,$0.00 ,"$1,345,689.00 ",def319
9/15/23,USD,abc123,"$899,820.00 ",$0.00 ,def320
9/15/23,USD,abc123,$0.00 ,"$231,363.31 ",def321
9/15/23,USD,abc123,$0.00 ,"$249,247.22 ",def322
9/15/23,USD,abc123,$0.00 ,"$497,000.00 ",def323
9/18/23,USD,abc123,"$250,000.00 ",$0.00 ,def324
9/18/23,USD,abc123,"$3,300,330.00 ",$0.00 ,def325
9/18/23,USD,abc123,$0.00 ,"$94,520.12 ",def326
9/18/23,USD,abc123,$0.00 ,"$109,450.00 ",def327
9/18/23,USD,abc123,$0.00 ,"$109,450.00 ",def328
9/18/23,USD,abc123,$0.00 ,"$997,100.00 ",def329
9/18/23,USD,abc123,$0.00 ,"$99,700.21 ",def330
9/18/23,USD,abc123,$0.00 ,"$160,500.00 ",def331
9/18/23,USD,abc123,$0.00 ,"$249,250.00 ",def332
9/18/23,USD,abc123,$0.00 ,"$340,003.51 ",def333
9/18/23,USD,abc123,$0.00 ,"$398,797.22 ",def334
9/18/23,USD,abc123,$0.00 ,"$998,200.00 ",def335
9/19/23,USD,abc123,"$2,399,770.00 ",$0.00 ,def336
9/19/23,USD,abc123,"$130,000.00 ",$0.00 ,def337
9/19/23,USD,abc123,$0.00 ,"$99,500.00 ",def338
9/19/23,USD,abc123,$0.00 ,"$99,720.00 ",def339
9/19/23,USD,abc123,$0.00 ,"$100,100.00 ",def340
9/19/23,USD,abc123,$0.00 ,"$161,514.00 ",def341
9/19/23,USD,abc123,$0.00 ,"$198,434.33 ",def342
9/19/23,USD,abc123,$0.00 ,"$299,127.22 ",def343
9/19/23,USD,abc123,$0.00 ,"$598,920.00 ",def344
9/19/23,USD,abc123,$0.00 ,"$998,200.00 ",def345
9/20/23,USD,abc123,"$999,918.43 ",$0.00 ,def346
9/20/23,USD,abc123,"$149,987.63 ",$0.00 ,def347
9/20/23,USD,abc123,"$10,000.00 ",$0.00 ,def348
9/20/23,USD,abc123,$0.00 ,"$99,500.00 ",def349
9/20/23,USD,abc123,$0.00 ,"$99,799.70 ",def350
9/20/23,USD,abc123,$0.00 ,"$60,000.00 ",def351
9/20/23,USD,abc123,$0.00 ,"$171,982.50 ",def352
9/20/23,USD,abc123,$0.00 ,"$210,214.67 ",def353
9/20/23,USD,abc123,$0.00 ,"$213,171.96 ",def354
9/20/23,USD,abc123,$0.00 ,"$309,956.93 ",def355
9/21/23,USD,abc123,"$4,420,542.00 ",$0.00 ,def356
9/21/23,USD,abc123,"$100,000.00 ",$0.00 ,def357
9/21/23,USD,abc123,"$145,000.00 ",$0.00 ,def358
9/21/23,USD,abc123,"$410,000.00 ",$0.00 ,def359
9/21/23,USD,abc123,$0.00 ,"$99,701.00 ",def360
9/21/23,USD,abc123,$0.00 ,"$1,423.33 ",def361
9/21/23,USD,abc123,$0.00 ,"$100,495.00 ",def362
9/21/23,USD,abc123,$0.00 ,"$160,000.00 ",def363
9/21/23,USD,abc123,$0.00 ,"$199,397.22 ",def364
9/21/23,USD,abc123,$0.00 ,"$204,179.37 ",def365
9/21/23,USD,abc123,$0.00 ,"$765,434.00 ",def366
9/21/23,USD,abc123,$0.00 ,"$1,157,306.28 ",def367
9/21/23,USD,abc123,$0.00 ,"$1,825,636.00 ",def368
9/22/23,USD,abc123,"$2,958,002.00 ",$0.00 ,def369
9/22/23,USD,abc123,"$145,000.00 ",$0.00 ,def370
9/22/23,USD,abc123,$0.00 ,"$277,528.19 ",def371
9/22/23,USD,abc123,$0.00 ,"$319,040.01 ",def372
9/22/23,USD,abc123,$0.00 ,"$998,500.00 ",def373
9/22/23,USD,abc123,$0.00 ,"$161,514.00 ",def374
9/22/23,USD,abc123,$0.00 ,"$299,106.19 ",def375
9/22/23,USD,abc123,$0.00 ,"$303,601.29 ",def376
9/22/23,USD,abc123,$0.00 ,"$998,200.00 ",def377
9/25/23,USD,abc123,"$1,606,600.00 ",$0.00 ,def378
9/25/23,USD,abc123,"$99,997.75 ",$0.00 ,def379
9/25/23,USD,abc123,$0.00 ,"$100,495.00 ",def380
9/25/23,USD,abc123,$0.00 ,"$460,613.93 ",def381
9/25/23,USD,abc123,$0.00 ,"$134,595.00 ",def382
9/25/23,USD,abc123,$0.00 ,"$149,400.00 ",def383
9/25/23,USD,abc123,$0.00 ,"$209,388.22 ",def384
9/25/23,USD,abc123,$0.00 ,"$262,803.79 ",def385
9/25/23,USD,abc123,$0.00 ,"$266,393.34 ",def386
9/25/23,USD,abc123,$0.00 ,"$400,000.00 ",def387
9/26/23,USD,abc123,"$7,755,373.00 ",$0.00 ,def388
9/26/23,USD,abc123,"$50,000.00 ",$0.00 ,def389
9/26/23,USD,abc123,"$63,600.00 ",$0.00 ,def390
9/26/23,USD,abc123,"$266,000.00 ",$0.00 ,def391
9/26/23,USD,abc123,"$1,497,255.00 ",$0.00 ,def392
9/26/23,USD,abc123,$0.00 ,"$2,000.00 ",def393
9/26/23,USD,abc123,$0.00 ,"$249,745.00 ",def394
9/26/23,USD,abc123,$0.00 ,"$300,000.00 ",def395
9/26/23,USD,abc123,$0.00 ,"$358,605.00 ",def396
9/26/23,USD,abc123,$0.00 ,"$499,000.00 ",def397
9/26/23,USD,abc123,$0.00 ,"$149,546.80 ",def398
9/26/23,USD,abc123,$0.00 ,"$326,971.62 ",def399
9/26/23,USD,abc123,$0.00 ,"$398,400.70 ",def400
9/26/23,USD,abc123,$0.00 ,"$499,100.00 ",def401
9/26/23,USD,abc123,$0.00 ,"$500,000.00 ",def402
9/26/23,USD,abc123,$0.00 ,"$1,497,300.00 ",def403
9/26/23,USD,abc123,$0.00 ,"$1,569,924.86 ",def404
9/26/23,USD,abc123,$0.00 ,"$1,652,673.00 ",def405
9/27/23,USD,abc123,"$3,996,400.00 ",$0.00 ,def406
9/27/23,USD,abc123,$0.00 ,"$2,000.00 ",def407
9/27/23,USD,abc123,$0.00 ,"$9,800.77 ",def408
9/27/23,USD,abc123,$0.00 ,"$49,747.02 ",def409
9/27/23,USD,abc123,$0.00 ,"$99,500.00 ",def410
9/27/23,USD,abc123,$0.00 ,"$100,495.00 ",def411
9/27/23,USD,abc123,$0.00 ,"$430,078.50 ",def412
9/27/23,USD,abc123,$0.00 ,"$169,830.00 ",def413
9/27/23,USD,abc123,$0.00 ,"$299,106.77 ",def414
9/27/23,USD,abc123,$0.00 ,"$332,873.19 ",def415
9/27/23,USD,abc123,$0.00 ,"$639,255.00 ",def416
9/27/23,USD,abc123,$0.00 ,"$858,000.00 ",def417
9/27/23,USD,abc123,$0.00 ,"$996,996.80 ",def418
9/27/23,USD,abc123,$0.00 ,"$1,064,425.12 ",def419
9/28/23,USD,abc123,"$5,996,400.00 ",$0.00 ,def420
9/28/23,USD,abc123,"$700,501.41 ",$0.00 ,def421
9/28/23,USD,abc123,$0.00 ,"$100,495.00 ",def422
9/28/23,USD,abc123,$0.00 ,"$149,250.00 ",def423
9/28/23,USD,abc123,$0.00 ,"$268,613.42 ",def424
9/28/23,USD,abc123,$0.00 ,"$171,828.00 ",def425
9/28/23,USD,abc123,$0.00 ,"$199,900.00 ",def426
9/28/23,USD,abc123,$0.00 ,"$223,405.42 ",def427
9/28/23,USD,abc123,$0.00 ,"$299,196.71 ",def428
9/28/23,USD,abc123,$0.00 ,"$498,900.00 ",def429
9/28/23,USD,abc123,$0.00 ,"$931,308.67 ",def430
9/28/23,USD,abc123,$0.00 ,"$998,200.00 ",def431
9/28/23,USD,abc123,$0.00 ,"$1,501,983.53 ",def432
9/28/23,USD,abc123,$0.00 ,"$1,876,587.00 ",def433
9/29/23,USD,abc123,"$30,000.00 ",$0.00 ,def434
9/29/23,USD,abc123,$0.00 ,"$2,234.60 ",def435
9/29/23,USD,abc123,$0.00 ,"$119,400.00 ",def436
2010/2/23,USD,abc123,"$2,140,000.00 ",$0.00 ,def437
2010/2/23,USD,abc123,"$2,000,800.00 ",$0.00 ,def438
2010/2/23,USD,abc123,$0.00 ,"$99,500.00 ",def439
2010/2/23,USD,abc123,$0.00 ,"$99,500.00 ",def440
2010/2/23,USD,abc123,$0.00 ,"$99,500.00 ",def441
2010/2/23,USD,abc123,$0.00 ,"$99,700.00 ",def442
2010/2/23,USD,abc123,$0.00 ,"$179,100.00 ",def443
2010/2/23,USD,abc123,$0.00 ,"$218,233.12 ",def444
2010/2/23,USD,abc123,$0.00 ,"$998,200.00 ",def445
2010/3/23,USD,abc123,"$50,000.00 ",$0.00 ,def446
2010/3/23,USD,abc123,$0.00 ,"$344,477.11 ",def447
2010/3/23,USD,abc123,$0.00 ,"$98,104.80 ",def448
2010/3/23,USD,abc123,$0.00 ,"$99,496.81 ",def449
2010/3/23,USD,abc123,$0.00 ,"$408,770.00 ",def450
2010/4/23,USD,abc123,"$2,000,000.00 ",$0.00 ,def451
2010/4/23,USD,abc123,$0.00 ,"$9,800.00 ",def452
2010/4/23,USD,abc123,$0.00 ,"$359,932.16 ",def453
2010/4/23,USD,abc123,$0.00 ,"$466,144.66 ",def454
2010/4/23,USD,abc123,$0.00 ,"$10,000.00 ",def455
2010/4/23,USD,abc123,$0.00 ,"$53,087.95 ",def456
2010/4/23,USD,abc123,$0.00 ,"$99,496.81 ",def457
2010/4/23,USD,abc123,$0.00 ,"$100,000.00 ",def458
2010/4/23,USD,abc123,$0.00 ,"$118,279.04 ",def459
2010/4/23,USD,abc123,$0.00 ,"$199,000.00 ",def460
2010/5/23,USD,abc123,"$300,750.00 ",$0.00 ,def461
2010/5/23,USD,abc123,$0.00 ,"$99,500.00 ",def462
2010/5/23,USD,abc123,$0.00 ,"$100,495.00 ",def463
2010/5/23,USD,abc123,$0.00 ,"$49,003.75 ",def464
2010/5/23,USD,abc123,$0.00 ,"$71,835.81 ",def465
2010/6/23,USD,abc123,$0.00 ,"$80,757.00 ",def466
2010/6/23,USD,abc123,$0.00 ,"$99,500.00 ",def467
2010/6/23,USD,abc123,$0.00 ,"$998,200.00 ",def468
2010/6/23,USD,abc123,$0.00 ,"$122,946.84 ",def469
2010/6/23,USD,abc123,$0.00 ,"$152,234.52 ",def470
2010/10/23,USD,abc123,"$2,470,200.00 ",$0.00 ,def471
2010/10/23,USD,abc123,"$5,624,504.55 ",$0.00 ,def472
2010/10/23,USD,abc123,$0.00 ,"$59,700.00 ",def473
2010/10/23,USD,abc123,$0.00 ,"$129,350.00 ",def474
2010/10/23,USD,abc123,$0.00 ,"$149,250.00 ",def475
2010/10/23,USD,abc123,$0.00 ,"$149,250.00 ",def476
2010/10/23,USD,abc123,$0.00 ,"$184,445.00 ",def477
2010/10/23,USD,abc123,$0.00 ,"$231,065.87 ",def478
2010/10/23,USD,abc123,$0.00 ,"$237,507.00 ",def479
2010/10/23,USD,abc123,$0.00 ,"$396,142.84 ",def480
2010/10/23,USD,abc123,$0.00 ,"$425,909.50 ",def481
2010/10/23,USD,abc123,$0.00 ,"$499,000.00 ",def482
2010/10/23,USD,abc123,$0.00 ,"$19,600.00 ",def483
2010/10/23,USD,abc123,$0.00 ,"$124,010.00 ",def484
2010/10/23,USD,abc123,$0.00 ,"$129,350.00 ",def485
2010/10/23,USD,abc123,$0.00 ,"$162,837.00 ",def486
2010/10/23,USD,abc123,$0.00 ,"$250,000.00 ",def487
2010/10/23,USD,abc123,$0.00 ,"$389,551.61 ",def488
2010/10/23,USD,abc123,$0.00 ,"$448,647.38 ",def489
2010/10/23,USD,abc123,$0.00 ,"$687,654.00 ",def490
2010/10/23,USD,abc123,$0.00 ,"$1,647,454.00 ",def491
2010/10/23,USD,abc123,$0.00 ,"$1,658,892.00 ",def492
2010/11/23,USD,abc123,"$3,599,601.00 ",$0.00 ,def493
2010/11/23,USD,abc123,$0.00 ,"$100,000.00 ",def494
2010/11/23,USD,abc123,$0.00 ,"$100,495.00 ",def495
2010/11/23,USD,abc123,$0.00 ,"$133,137.73 ",def496
2010/11/23,USD,abc123,$0.00 ,"$149,250.00 ",def497
2010/11/23,USD,abc123,$0.00 ,"$846,714.80 ",def498
2010/11/23,USD,abc123,$0.00 ,"$1,156,554.00 ",def499
2010/11/23,USD,abc123,$0.00 ,"$1,756,549.00 ",def500
2010/12/23,USD,abc123,"$100,000.00 ",$0.00 ,def501
2010/12/23,USD,abc123,"$268,000.00 ",$0.00 ,def502
2010/12/23,USD,abc123,$0.00 ,"$82,283.88 ",def503
2010/12/23,USD,abc123,$0.00 ,"$109,450.00 ",def504
2010/12/23,USD,abc123,$0.00 ,"$118,000.00 ",def505
2010/12/23,USD,abc123,$0.00 ,"$109,714.18 ",def506
10/13/23,USD,abc123,"$1,999,056.17 ",$0.00 ,def507
10/13/23,USD,abc123,"$1,499,183.14 ",$0.00 ,def508
10/13/23,USD,abc123,"$14,000.00 ",$0.00 ,def509
10/13/23,USD,abc123,$0.00 ,"$9,900.00 ",def510
10/13/23,USD,abc123,$0.00 ,"$119,393.13 ",def511
10/13/23,USD,abc123,$0.00 ,"$125,775.00 ",def512
10/13/23,USD,abc123,$0.00 ,"$10,259.37 ",def513
10/13/23,USD,abc123,$0.00 ,"$124,875.00 ",def514
10/13/23,USD,abc123,$0.00 ,"$258,098.63 ",def515
10/13/23,USD,abc123,$0.00 ,"$602,299.66 ",def516
10/13/23,USD,abc123,$0.00 ,"$1,000,000.00 ",def517
10/13/23,USD,abc123,$0.00 ,"$1,125,936.05 ",def518
10/16/23,USD,abc123,"$3,000,000.00 ",$0.00 ,def519
10/16/23,USD,abc123,"$5,013,756.52 ",$0.00 ,def520
10/16/23,USD,abc123,"$10,000.00 ",$0.00 ,def521
10/16/23,USD,abc123,"$190,979.00 ",$0.00 ,def522
10/16/23,USD,abc123,$0.00 ,"$9,900.00 ",def523
10/16/23,USD,abc123,$0.00 ,"$49,500.00 ",def524
10/16/23,USD,abc123,$0.00 ,"$50,000.00 ",def525
10/16/23,USD,abc123,$0.00 ,"$99,500.00 ",def526
10/16/23,USD,abc123,$0.00 ,"$99,500.00 ",def527
10/16/23,USD,abc123,$0.00 ,"$99,599.50 ",def528
10/16/23,USD,abc123,$0.00 ,"$998,000.00 ",def529
10/16/23,USD,abc123,$0.00 ,"$119,880.00 ",def530
10/16/23,USD,abc123,$0.00 ,"$199,600.00 ",def531
10/16/23,USD,abc123,$0.00 ,"$398,801.99 ",def532
10/16/23,USD,abc123,$0.00 ,"$437,803.75 ",def533
10/16/23,USD,abc123,$0.00 ,"$485,452.15 ",def534
10/16/23,USD,abc123,$0.00 ,"$998,000.00 ",def535
10/16/23,USD,abc123,$0.00 ,"$998,600.00 ",def536
10/16/23,USD,abc123,$0.00 ,"$1,158,697.00 ",def537
10/16/23,USD,abc123,$0.00 ,"$1,595,444.58 ",def538
10/17/23,USD,abc123,"$3,501,050.00 ",$0.00 ,def539
10/17/23,USD,abc123,"$161,800.00 ",$0.00 ,def540
10/17/23,USD,abc123,"$50,000.00 ",$0.00 ,def541
10/17/23,USD,abc123,"$50,000.00 ",$0.00 ,def542
10/17/23,USD,abc123,$0.00 ,"$99,997.50 ",def543
10/17/23,USD,abc123,$0.00 ,"$9,900.00 ",def544
10/17/23,USD,abc123,$0.00 ,"$129,870.00 ",def545
10/17/23,USD,abc123,$0.00 ,"$161,314.60 ",def546
10/17/23,USD,abc123,$0.00 ,"$299,101.99 ",def547
10/17/23,USD,abc123,$0.00 ,"$321,052.94 ",def548
10/17/23,USD,abc123,$0.00 ,"$856,423.00 ",def549
10/17/23,USD,abc123,$0.00 ,"$861,342.00 ",def550
10/17/23,USD,abc123,$0.00 ,"$1,117,588.53 ",def551
10/18/23,USD,abc123,"$1,500,000.00 ",$0.00 ,def552
10/18/23,USD,abc123,$0.00 ,"$109,450.00 ",def553
10/18/23,USD,abc123,$0.00 ,"$236,659.88 ",def554
10/18/23,USD,abc123,$0.00 ,"$348,950.00 ",def555
10/18/23,USD,abc123,$0.00 ,"$997,043.76 ",def556
10/19/23,USD,abc123,"$3,000,300.00 ",$0.00 ,def557
10/19/23,USD,abc123,"$2,000,000.00 ",$0.00 ,def558
10/19/23,USD,abc123,$0.00 ,"$99,500.00 ",def559
10/19/23,USD,abc123,$0.00 ,"$99,500.00 ",def560
10/19/23,USD,abc123,$0.00 ,"$1,098,020.00 ",def561
10/19/23,USD,abc123,$0.00 ,"$103,599.28 ",def562
10/19/23,USD,abc123,$0.00 ,"$281,640.54 ",def563
10/19/23,USD,abc123,$0.00 ,"$528,410.00 ",def564
10/19/23,USD,abc123,$0.00 ,"$756,254.00 ",def565
10/19/23,USD,abc123,$0.00 ,"$1,965,592.10 ",def566
10/20/23,USD,abc123,"$1,350,000.00 ",$0.00 ,def567
10/20/23,USD,abc123,"$39,105.82 ",$0.00 ,def568
10/20/23,USD,abc123,$0.00 ,"$4,314.39 ",def569
10/20/23,USD,abc123,$0.00 ,"$99,500.00 ",def570
10/20/23,USD,abc123,$0.00 ,"$200,000.00 ",def571
10/20/23,USD,abc123,$0.00 ,"$499,000.00 ",def572
10/20/23,USD,abc123,$0.00 ,"$93,159.68 ",def573
10/20/23,USD,abc123,$0.00 ,"$478,756.41 ",def574
10/23/23,USD,abc123,"$2,603,620.00 ",$0.00 ,def575
10/23/23,USD,abc123,"$2,500,250.00 ",$0.00 ,def576
10/23/23,USD,abc123,"$280,840.00 ",$0.00 ,def577
10/23/23,USD,abc123,$0.00 ,$443.08 ,def578
10/23/23,USD,abc123,$0.00 ,$586.34 ,def579
10/23/23,USD,abc123,$0.00 ,"$99,500.00 ",def580
10/23/23,USD,abc123,$0.00 ,"$99,500.00 ",def581
10/23/23,USD,abc123,$0.00 ,"$99,500.36 ",def582
10/23/23,USD,abc123,$0.00 ,"$99,997.50 ",def583
10/23/23,USD,abc123,$0.00 ,"$998,000.00 ",def584
10/23/23,USD,abc123,$0.00 ,"$199,000.80 ",def585
10/23/23,USD,abc123,$0.00 ,"$329,713.88 ",def586
10/23/23,USD,abc123,$0.00 ,"$865,512.65 ",def587
10/23/23,USD,abc123,$0.00 ,"$996,996.34 ",def588
10/23/23,USD,abc123,$0.00 ,"$1,625,755.70 ",def589
10/24/23,USD,abc123,"$6,223,089.00 ",$0.00 ,def590
10/24/23,USD,abc123,"$2,998,800.00 ",$0.00 ,def591
10/24/23,USD,abc123,"$50,000.00 ",$0.00 ,def592
10/24/23,USD,abc123,$0.00 ,"$109,450.00 ",def593
10/24/23,USD,abc123,$0.00 ,"$129,350.00 ",def594
10/24/23,USD,abc123,$0.00 ,"$498,900.00 ",def595
10/24/23,USD,abc123,$0.00 ,"$124,010.00 ",def596
10/24/23,USD,abc123,$0.00 ,"$199,200.00 ",def597
10/24/23,USD,abc123,$0.00 ,"$244,806.37 ",def598
10/24/23,USD,abc123,$0.00 ,"$394,013.50 ",def599
10/24/23,USD,abc123,$0.00 ,"$545,451.15 ",def600
10/24/23,USD,abc123,$0.00 ,"$1,864,180.63 ",def601
10/25/23,USD,abc123,"$2,000,000.00 ",$0.00 ,def602
10/25/23,USD,abc123,"$350,000.10 ",$0.00 ,def603
10/25/23,USD,abc123,$0.00 ,$333.86 ,def604
10/25/23,USD,abc123,$0.00 ,"$3,376.28 ",def605
10/25/23,USD,abc123,$0.00 ,"$5,317.38 ",def606
10/25/23,USD,abc123,$0.00 ,"$104,475.00 ",def607
10/25/23,USD,abc123,$0.00 ,"$119,400.00 ",def608
10/25/23,USD,abc123,$0.00 ,"$998,100.00 ",def609
10/25/23,USD,abc123,$0.00 ,"$232,058.63 ",def610
10/25/23,USD,abc123,$0.00 ,"$349,944.01 ",def611
10/25/23,USD,abc123,$0.00 ,"$1,287,320.00 ",def612
10/25/23,USD,abc123,$0.00 ,"$1,308,000.00 ",def613
10/26/23,USD,abc123,"$2,000,000.00 ",$0.00 ,def614
10/26/23,USD,abc123,"$2,999,400.00 ",$0.00 ,def615
10/26/23,USD,abc123,"$50,000.00 ",$0.00 ,def616
10/26/23,USD,abc123,"$130,000.00 ",$0.00 ,def617
10/26/23,USD,abc123,"$3,000,000.00 ",$0.00 ,def618
10/26/23,USD,abc123,$0.00 ,"$99,500.00 ",def619
10/26/23,USD,abc123,$0.00 ,"$99,997.50 ",def620
10/26/23,USD,abc123,$0.00 ,"$998,100.00 ",def621
10/26/23,USD,abc123,$0.00 ,"$195,908.28 ",def622
10/26/23,USD,abc123,$0.00 ,"$199,620.00 ",def623
10/26/23,USD,abc123,$0.00 ,"$299,114.96 ",def624
10/26/23,USD,abc123,$0.00 ,"$299,430.00 ",def625
10/26/23,USD,abc123,$0.00 ,"$601,010.00 ",def626
10/26/23,USD,abc123,$0.00 ,"$698,740.00 ",def627
10/26/23,USD,abc123,$0.00 ,"$898,380.00 ",def628
10/26/23,USD,abc123,$0.00 ,"$1,146,325.00 ",def629
10/26/23,USD,abc123,$0.00 ,"$1,997,336.96 ",def630
10/27/23,USD,abc123,$0.00 ,"$27,569.71 ",def631
10/27/23,USD,abc123,$0.00 ,"$99,500.00 ",def632
10/27/23,USD,abc123,$0.00 ,"$100,495.00 ",def633
10/27/23,USD,abc123,$0.00 ,"$998,100.00 ",def634
10/27/23,USD,abc123,$0.00 ,$34.74 ,def635
10/27/23,USD,abc123,$0.00 ,"$99,700.34 ",def636
10/27/23,USD,abc123,$0.00 ,"$110,997.35 ",def637
10/27/23,USD,abc123,$0.00 ,"$124,883.00 ",def638
10/27/23,USD,abc123,$0.00 ,"$148,946.16 ",def639
10/27/23,USD,abc123,$0.00 ,"$298,400.50 ",def640
10/27/23,USD,abc123,$0.00 ,"$317,569.09 ",def641
10/27/23,USD,abc123,$0.00 ,"$998,100.00 ",def642
10/30/23,USD,abc123,"$2,000,000.00 ",$0.00 ,def643
10/30/23,USD,abc123,"$2,000,000.00 ",$0.00 ,def644
10/30/23,USD,abc123,"$100,000.00 ",$0.00 ,def645
10/30/23,USD,abc123,"$50,000.00 ",$0.00 ,def646
10/30/23,USD,abc123,"$100,000.00 ",$0.00 ,def647
10/30/23,USD,abc123,$0.00 ,"$99,500.00 ",def648
10/30/23,USD,abc123,$0.00 ,"$99,500.00 ",def649
10/30/23,USD,abc123,$0.00 ,"$99,997.50 ",def650
10/30/23,USD,abc123,$0.00 ,"$99,997.50 ",def651
10/30/23,USD,abc123,$0.00 ,"$137,611.25 ",def652
10/30/23,USD,abc123,$0.00 ,"$149,625.00 ",def653
10/30/23,USD,abc123,$0.00 ,"$199,787.01 ",def654
10/30/23,USD,abc123,$0.00 ,"$222,580.25 ",def655
10/30/23,USD,abc123,$0.00 ,"$307,840.10 ",def656
10/30/23,USD,abc123,$0.00 ,"$378,889.91 ",def657
10/30/23,USD,abc123,$0.00 ,"$490,018.01 ",def658
10/30/23,USD,abc123,$0.00 ,"$996,996.21 ",def659
10/31/23,USD,abc123,"$1,000,000.00 ",$0.00 ,def660
10/31/23,USD,abc123,"$2,000,000.00 ",$0.00 ,def661
10/31/23,USD,abc123,"$49,995.00 ",$0.00 ,def662
10/31/23,USD,abc123,"$50,000.00 ",$0.00 ,def663
10/31/23,USD,abc123,"$350,000.00 ",$0.00 ,def664
10/31/23,USD,abc123,$0.00 ,"$99,500.20 ",def665
10/31/23,USD,abc123,$0.00 ,"$250,000.00 ",def666
10/31/23,USD,abc123,$0.00 ,"$430,489.07 ",def667
10/31/23,USD,abc123,$0.00 ,"$630,108.81 ",def668
10/31/23,USD,abc123,$0.00 ,"$1,345,755.00 ",def669
2011/1/23,USD,abc123,"$2,000,000.00 ",$0.00 ,def670
2011/1/23,USD,abc123,"$20,000.00 ",$0.00 ,def671
2011/1/23,USD,abc123,"$99,995.00 ",$0.00 ,def672
2011/1/23,USD,abc123,$0.00 ,"$2,000,000.00 ",def673
2011/1/23,USD,abc123,$0.00 ,"$52,735.20 ",def674
2011/1/23,USD,abc123,$0.00 ,"$99,500.00 ",def675
2011/1/23,USD,abc123,$0.00 ,"$99,500.00 ",def676
2011/1/23,USD,abc123,$0.00 ,"$99,500.00 ",def677
2011/1/23,USD,abc123,$0.00 ,"$1,495,650.00 ",def678
2011/1/23,USD,abc123,$0.00 ,"$119,880.00 ",def679
2011/1/23,USD,abc123,$0.00 ,"$199,500.00 ",def680
2011/1/23,USD,abc123,$0.00 ,"$279,922.49 ",def681
2011/2/23,USD,abc123,"$1,500,000.00 ",$0.00 ,def682
2011/2/23,USD,abc123,"$49,977.00 ",$0.00 ,def683
2011/2/23,USD,abc123,"$350,000.00 ",$0.00 ,def684
2011/2/23,USD,abc123,$0.00 ,"$109,450.00 ",def685
2011/2/23,USD,abc123,$0.00 ,"$998,100.00 ",def686
2011/2/23,USD,abc123,$0.00 ,"$275,805.00 ",def687
2011/2/23,USD,abc123,$0.00 ,"$341,688.65 ",def688
2011/3/23,USD,abc123,"$3,395,515.00 ",$0.00 ,def689
2011/3/23,USD,abc123,"$40,000.00 ",$0.00 ,def690
2011/3/23,USD,abc123,"$299,980.00 ",$0.00 ,def691
2011/3/23,USD,abc123,"$3,000,000.00 ",$0.00 ,def692
2011/3/23,USD,abc123,$0.00 ,"$100,495.00 ",def693
2011/3/23,USD,abc123,$0.00 ,"$119,400.00 ",def694
2011/3/23,USD,abc123,$0.00 ,"$149,550.00 ",def695
2011/3/23,USD,abc123,$0.00 ,"$200,000.00 ",def696
2011/3/23,USD,abc123,$0.00 ,"$499,000.00 ",def697
2011/3/23,USD,abc123,$0.00 ,"$1,366,368.56 ",def698
2011/3/23,USD,abc123,$0.00 ,"$198,594.01 ",def699
2011/3/23,USD,abc123,$0.00 ,"$299,250.00 ",def700
2011/3/23,USD,abc123,$0.00 ,"$301,762.42 ",def701
2011/3/23,USD,abc123,$0.00 ,"$499,000.00 ",def702
2011/3/23,USD,abc123,$0.00 ,"$998,100.00 ",def703
2011/3/23,USD,abc123,$0.00 ,"$1,328,014.99 ",def704
2011/6/23,USD,abc123,"$5,600,000.00 ",$0.00 ,def705
2011/6/23,USD,abc123,"$3,501,200.45 ",$0.00 ,def706
2011/6/23,USD,abc123,"$70,000.00 ",$0.00 ,def707
2011/6/23,USD,abc123,$0.00 ,"$29,700.00 ",def708
2011/6/23,USD,abc123,$0.00 ,"$109,450.00 ",def709
2011/6/23,USD,abc123,$0.00 ,"$109,450.00 ",def710
2011/6/23,USD,abc123,$0.00 ,"$129,350.00 ",def711
2011/6/23,USD,abc123,$0.00 ,"$339,485.63 ",def712
2011/6/23,USD,abc123,$0.00 ,"$353,577.64 ",def713
2011/6/23,USD,abc123,$0.00 ,"$410,967.73 ",def714
2011/6/23,USD,abc123,$0.00 ,"$668,853.32 ",def715
2011/6/23,USD,abc123,$0.00 ,"$998,100.00 ",def716
2011/6/23,USD,abc123,$0.00 ,$379.56 ,def717
2011/6/23,USD,abc123,$0.00 ,"$49,250.00 ",def718
2011/6/23,USD,abc123,$0.00 ,"$129,610.00 ",def719
2011/6/23,USD,abc123,$0.00 ,"$147,852.00 ",def720
2011/6/23,USD,abc123,$0.00 ,"$265,000.00 ",def721
2011/6/23,USD,abc123,$0.00 ,"$442,361.69 ",def722
2011/6/23,USD,abc123,$0.00 ,"$998,100.00 ",def723
2011/6/23,USD,abc123,$0.00 ,"$1,256,898.00 ",def724
2011/6/23,USD,abc123,$0.00 ,"$1,271,078.00 ",def725
2011/7/23,USD,abc123,"$1,108,570.13 ",$0.00 ,def726
2011/7/23,USD,abc123,"$30,000.00 ",$0.00 ,def727
2011/7/23,USD,abc123,"$100,000.00 ",$0.00 ,def728
2011/7/23,USD,abc123,$0.00 ,"$72,734.19 ",def729
2011/7/23,USD,abc123,$0.00 ,"$100,000.00 ",def730
2011/7/23,USD,abc123,$0.00 ,"$1,495,650.00 ",def731
2011/7/23,USD,abc123,$0.00 ,"$49,500.00 ",def732
2011/7/23,USD,abc123,$0.00 ,"$265,983.01 ",def733
2011/7/23,USD,abc123,$0.00 ,"$387,441.81 ",def734
2011/7/23,USD,abc123,$0.00 ,"$998,500.00 ",def735
2011/8/23,USD,abc123,"$572,519.00 ",$0.00 ,def736
2011/8/23,USD,abc123,"$30,000.00 ",$0.00 ,def737
2011/8/23,USD,abc123,"$199,995.00 ",$0.00 ,def738
2011/8/23,USD,abc123,"$299,995.00 ",$0.00 ,def739
2011/8/23,USDD,abc123,$0.00 ,"$9,957.45 ",def740
2011/8/23,USD,abc123,$0.00 ,"$100,000.00 ",def741
2011/8/23,USD,abc123,$0.00 ,"$109,450.00 ",def742
2011/8/23,USD,abc123,$0.00 ,"$109,450.00 ",def743
2011/8/23,USD,abc123,$0.00 ,"$173,478.00 ",def744
2011/8/23,USD,abc123,$0.00 ,"$238,086.87 ",def745
2011/8/23,USD,abc123,$0.00 ,"$292,850.49 ",def746
2011/9/23,USD,abc123,"$3,073,649.83 ",$0.00 ,def747
2011/9/23,USD,abc123,"$299,820.00 ",$0.00 ,def748
2011/9/23,USD,abc123,"$1,499,550.00 ",$0.00 ,def749
2011/9/23,USD,abc123,"$36,000.00 ",$0.00 ,def750
2011/9/23,USD,abc123,$0.00 ,"$3,203.35 ",def751
2011/9/23,USD,abc123,$0.00 ,"$99,500.00 ",def752
2011/9/23,USD,abc123,$0.00 ,"$100,000.00 ",def753
2011/9/23,USD,abc123,$0.00 ,"$49,003.75 ",def754
2011/9/23,USD,abc123,$0.00 ,"$296,479.11 ",def755
2011/9/23,USD,abc123,$0.00 ,"$299,340.00 ",def756
2011/9/23,USD,abc123,$0.00 ,"$299,340.00 ",def757
2011/9/23,USD,abc123,$0.00 ,"$397,188.00 ",def758
2011/9/23,USD,abc123,$0.00 ,"$455,852.47 ",def759
2011/9/23,USD,abc123,$0.00 ,"$598,800.00 ",def760
2011/9/23,USD,abc123,$0.00 ,"$792,624.65 ",def761
2011/9/23,USD,abc123,$0.00 ,"$1,564,578.00 ",def762
2011/10/23,USD,abc123,"$4,426,749.92 ",$0.00 ,def763
2011/10/23,USD,abc123,"$10,000.00 ",$0.00 ,def764
2011/10/23,USD,abc123,$0.00 ,"$2,741.41 ",def765
2011/10/23,USD,abc123,$0.00 ,"$3,703.70 ",def766
2011/10/23,USD,abc123,$0.00 ,"$99,500.00 ",def767
2011/10/23,USD,abc123,$0.00 ,"$109,450.00 ",def768
2011/10/23,USD,abc123,$0.00 ,"$425,498.30 ",def769
2011/10/23,USD,abc123,$0.00 ,"$1,508,255.22 ",def770
2011/10/23,USD,abc123,$0.00 ,"$239,758.45 ",def771
2011/10/23,USD,abc123,$0.00 ,"$387,717.35 ",def772
2011/10/23,USD,abc123,$0.00 ,"$1,507,720.02 ",def773
11/13/23,USD,abc123,"$2,001,870.00 ",$0.00 ,def774
11/13/23,USD,abc123,"$150,664.18 ",$0.00 ,def775
11/13/23,USD,abc123,"$25,000.00 ",$0.00 ,def776
11/13/23,USD,abc123,$0.00 ,"$99,500.00 ",def777
11/13/23,USD,abc123,$0.00 ,"$100,495.00 ",def778
11/13/23,USD,abc123,$0.00 ,"$119,400.00 ",def779
11/13/23,USD,abc123,$0.00 ,"$998,200.00 ",def780
11/13/23,USD,abc123,$0.00 ,"$69,553.68 ",def781
11/13/23,USD,abc123,$0.00 ,"$150,000.00 ",def782
11/13/23,USD,abc123,$0.00 ,"$159,096.68 ",def783
11/13/23,USD,abc123,$0.00 ,"$159,409.43 ",def784
11/13/23,USD,abc123,$0.00 ,"$299,340.00 ",def785
11/13/23,USD,abc123,$0.00 ,"$299,340.00 ",def786
11/14/23,USD,abc123,"$3,790,124.65 ",$0.00 ,def787
11/14/23,USD,abc123,"$32,000.00 ",$0.00 ,def788
11/14/23,USD,abc123,$0.00 ,$196.88 ,def789
11/14/23,USD,abc123,$0.00 ,$550.30 ,def790
11/14/23,USD,abc123,$0.00 ,"$99,500.00 ",def791
11/14/23,USD,abc123,$0.00 ,"$99,500.00 ",def792
11/14/23,USD,abc123,$0.00 ,"$101,490.00 ",def793
11/14/23,USD,abc123,$0.00 ,"$299,820.00 ",def794
11/14/23,USD,abc123,$0.00 ,"$107,102.90 ",def795
11/14/23,USD,abc123,$0.00 ,"$285,953.76 ",def796
11/14/23,USD,abc123,$0.00 ,"$290,442.08 ",def797
11/14/23,USD,abc123,$0.00 ,"$300,000.00 ",def798
11/14/23,USD,abc123,$0.00 ,"$401,200.00 ",def799
11/14/23,USD,abc123,$0.00 ,"$499,000.00 ",def800
11/14/23,USD,abc123,$0.00 ,"$499,000.00 ",def801
11/14/23,USD,abc123,$0.00 ,"$698,670.00 ",def802
11/15/23,USD,abc123,"$2,000,586.00 ",$0.00 ,def803
11/15/23,USD,abc123,"$1,999,800.00 ",$0.00 ,def804
11/15/23,USD,abc123,"$99,500.00 ",$0.00 ,def805
11/15/23,USD,abc123,$0.00 ,$50.00 ,def806
11/15/23,USD,abc123,$0.00 ,"$99,500.00 ",def807
11/15/23,USD,abc123,$0.00 ,"$99,500.00 ",def808
11/15/23,USD,abc123,$0.00 ,"$109,450.50 ",def809
11/15/23,USD,abc123,$0.00 ,"$134,325.00 ",def810
11/15/23,USD,abc123,$0.00 ,"$498,900.00 ",def811
11/15/23,USD,abc123,$0.00 ,"$151,944.79 ",def812
11/15/23,USD,abc123,$0.00 ,"$199,600.00 ",def813
11/15/23,USD,abc123,$0.00 ,"$299,340.00 ",def814
11/15/23,USD,abc123,$0.00 ,"$299,340.00 ",def815
11/15/23,USD,abc123,$0.00 ,"$299,400.00 ",def816
11/15/23,USD,abc123,$0.00 ,"$1,997,455.32 ",def817
11/16/23,USD,abc123,"$1,401,277.52 ",$0.00 ,def818
11/16/23,USD,abc123,"$100,019.66 ",$0.00 ,def819
11/16/23,USD,abc123,"$30,000.00 ",$0.00 ,def820
11/16/23,USD,abc123,"$121,424.46 ",$0.00 ,def821
11/16/23,USD,abc123,$0.00 ,"$3,280.62 ",def822
11/16/23,USD,abc123,$0.00 ,"$25,625.37 ",def823
11/16/23,USD,abc123,$0.00 ,"$109,450.00 ",def824
11/16/23,USD,abc123,$0.00 ,"$100,300.00 ",def825
11/16/23,USD,abc123,$0.00 ,"$284,829.95 ",def826
11/16/23,USD,abc123,$0.00 ,"$300,014.51 ",def827
11/16/23,USD,abc123,$0.00 ,"$329,002.02 ",def828
11/16/23,USD,abc123,$0.00 ,"$599,984.94 ",def829
11/17/23,USD,abc123,"$5,000,000.00 ",$0.00 ,def830
11/17/23,USD,abc123,"$20,000.00 ",$0.00 ,def831
11/17/23,USD,abc123,$0.00 ,"$2,751.91 ",def832
11/17/23,USD,abc123,$0.00 ,"$99,500.00 ",def833
11/17/23,USD,abc123,$0.00 ,"$998,200.00 ",def834
11/17/23,USD,abc123,$0.00 ,"$113,386.50 ",def835
11/17/23,USD,abc123,$0.00 ,"$114,827.50 ",def836
11/17/23,USD,abc123,$0.00 ,"$267,991.61 ",def837
11/17/23,USDD,abc123,$0.00 ,"$297,098.02 ",def838
11/17/23,USD,abc123,$0.00 ,"$998,000.00 ",def839
11/17/23,USD,abc123,$0.00 ,"$999,429.60 ",def840
11/17/23,USD,abc123,$0.00 ,"$1,003,000.00 ",def841
11/20/23,USD,abc123,"$6,000,000.00 ",$0.00 ,def842
11/20/23,USD,abc123,$0.00 ,"$5,996.10 ",def843
11/20/23,USD,abc123,$0.00 ,"$99,500.00 ",def844
11/20/23,USD,abc123,$0.00 ,"$99,500.00 ",def845
11/20/23,USD,abc123,$0.00 ,"$99,500.00 ",def846
11/20/23,USD,abc123,$0.00 ,"$99,997.50 ",def847
11/20/23,USD,abc123,$0.00 ,"$100,495.00 ",def848
11/20/23,USD,abc123,$0.00 ,"$249,349.70 ",def849
11/20/23,USD,abc123,$0.00 ,"$1,048,466.36 ",def850
11/20/23,USD,abc123,$0.00 ,"$232,080.66 ",def851
11/20/23,USD,abc123,$0.00 ,"$249,360.67 ",def852
11/20/23,USD,abc123,$0.00 ,"$299,430.00 ",def853
11/20/23,USD,abc123,$0.00 ,"$746,715.70 ",def854
11/20/23,USD,abc123,$0.00 ,"$998,100.00 ",def855
11/20/23,USD,abc123,$0.00 ,"$1,653,468.00 ",def856
11/21/23,USD,abc123,"$2,430,633.00 ",$0.00 ,def857
11/21/23,USD,abc123,"$35,000.00 ",$0.00 ,def858
11/21/23,USD,abc123,"$100,150.00 ",$0.00 ,def859
11/21/23,USD,abc123,$0.00 ,"$99,500.00 ",def860
11/21/23,USD,abc123,$0.00 ,"$100,495.00 ",def861
11/21/23,USD,abc123,$0.00 ,"$498,900.00 ",def862
11/21/23,USD,abc123,$0.00 ,"$99,720.00 ",def863
11/21/23,USD,abc123,$0.00 ,"$199,400.00 ",def864
11/21/23,USD,abc123,$0.00 ,"$218,449.47 ",def865
11/21/23,USD,abc123,$0.00 ,"$1,297,530.00 ",def866
11/22/23,USD,abc123,"$7,203,265.00 ",$0.00 ,def867
11/22/23,USD,abc123,"$499,900.92 ",$0.00 ,def868
11/22/23,USD,abc123,"$32,000.00 ",$0.00 ,def869
11/22/23,USD,abc123,$0.00 ,"$100,000.00 ",def870
11/22/23,USD,abc123,$0.00 ,"$2,248.64 ",def871
11/22/23,USD,abc123,$0.00 ,"$2,980.82 ",def872
11/22/23,USD,abc123,$0.00 ,"$99,500.00 ",def873
11/22/23,USD,abc123,$0.00 ,"$203,408.04 ",def874
11/22/23,USD,abc123,$0.00 ,"$137,327.78 ",def875
11/22/23,USD,abc123,$0.00 ,"$199,640.00 ",def876
11/22/23,USD,abc123,$0.00 ,"$249,962.86 ",def877
11/22/23,USD,abc123,$0.00 ,"$313,694.00 ",def878
11/22/23,USD,abc123,$0.00 ,"$498,900.00 ",def879
11/22/23,USD,abc123,$0.00 ,"$499,100.00 ",def880
11/22/23,USD,abc123,$0.00 ,"$598,920.00 ",def881
11/22/23,USD,abc123,$0.00 ,"$1,497,300.00 ",def882
11/22/23,USD,abc123,$0.00 ,"$1,565,743.00 ",def883
11/22/23,USD,abc123,$0.00 ,"$1,686,442.56 ",def884
11/24/23,USD,abc123,"$1,000,436.66 ",$0.00 ,def885
11/24/23,USD,abc123,"$30,000.00 ",$0.00 ,def886
11/24/23,USD,abc123,$0.00 ,"$3,526.80 ",def887
11/24/23,USD,abc123,$0.00 ,"$36,036.38 ",def888
11/24/23,USD,abc123,$0.00 ,"$109,450.00 ",def889
11/24/23,USD,abc123,$0.00 ,"$111,440.00 ",def890
11/24/23,USD,abc123,$0.00 ,"$119,400.00 ",def891
11/24/23,USD,abc123,$0.00 ,"$299,156.19 ",def892
11/24/23,USD,abc123,$0.00 ,"$305,371.13 ",def893
11/24/23,USD,abc123,$0.00 ,"$366,256.92 ",def894
11/27/23,USD,abc123,"$5,516,493.29 ",$0.00 ,def895
11/27/23,USD,abc123,"$31,000.00 ",$0.00 ,def896
11/27/23,USD,abc123,"$50,000.00 ",$0.00 ,def897
11/27/23,USD,abc123,$0.00 ,"$4,014.46 ",def898
11/27/23,USD,abc123,$0.00 ,"$99,500.00 ",def899
11/27/23,USD,abc123,$0.00 ,"$99,500.00 ",def900
11/27/23,USD,abc123,$0.00 ,"$99,799.70 ",def901
11/27/23,USD,abc123,$0.00 ,"$99,997.50 ",def902
11/27/23,USD,abc123,$0.00 ,"$99,997.50 ",def903
11/27/23,USD,abc123,$0.00 ,"$101,490.00 ",def904
11/27/23,USD,abc123,$0.00 ,"$215,869.90 ",def905
11/27/23,USD,abc123,$0.00 ,"$299,269.49 ",def906
11/27/23,USD,abc123,$0.00 ,"$498,000.00 ",def907
11/27/23,USD,abc123,$0.00 ,"$32,723.13 ",def908
11/27/23,USD,abc123,$0.00 ,"$299,460.00 ",def909
11/27/23,USD,abc123,$0.00 ,"$399,000.01 ",def910
11/27/23,USD,abc123,$0.00 ,"$448,831.95 ",def911
11/27/23,USD,abc123,$0.00 ,"$499,100.00 ",def912
11/27/23,USD,abc123,$0.00 ,"$998,100.00 ",def913
11/27/23,USD,abc123,$0.00 ,"$1,098,020.00 ",def914
11/28/23,USD,abc123,"$6,828,429.00 ",$0.00 ,def915
11/28/23,USD,abc123,"$40,000.00 ",$0.00 ,def916
11/28/23,USD,abc123,$0.00 ,"$109,450.00 ",def917
11/28/23,USD,abc123,$0.00 ,"$498,550.00 ",def918
11/28/23,USD,abc123,$0.00 ,"$1,002,160.86 ",def919
11/28/23,USD,abc123,$0.00 ,"$68,058.00 ",def920
11/28/23,USD,abc123,$0.00 ,"$129,528.04 ",def921
11/28/23,USD,abc123,$0.00 ,"$199,600.00 ",def922
11/28/23,USD,abc123,$0.00 ,"$249,000.00 ",def923
11/28/23,USD,abc123,$0.00 ,"$270,572.34 ",def924
11/28/23,USD,abc123,$0.00 ,"$299,771.98 ",def925
11/28/23,USD,abc123,$0.00 ,"$499,000.00 ",def926
11/28/23,USD,abc123,$0.00 ,"$1,413,190.00 ",def927
11/28/23,USD,abc123,$0.00 ,"$1,582,310.00 ",def928
11/29/23,USD,abc123,"$1,500,463.49 ",$0.00 ,def929
11/29/23,USD,abc123,"$38,000.00 ",$0.00 ,def930
11/29/23,USD,abc123,"$200,000.00 ",$0.00 ,def931
11/29/23,USD,abc123,$0.00 ,"$99,500.00 ",def932
11/29/23,USD,abc123,$0.00 ,"$99,500.00 ",def933
11/29/23,USD,abc123,$0.00 ,"$676,963.00 ",def934
11/29/23,USD,abc123,$0.00 ,"$165,878.07 ",def935
11/29/23,USD,abc123,$0.00 ,"$199,000.00 ",def936
11/29/23,USD,abc123,$0.00 ,"$199,620.00 ",def937
11/29/23,USD,abc123,$0.00 ,"$998,100.00 ",def938
11/30/23,USD,abc123,"$2,500,031.99 ",$0.00 ,def939
11/30/23,USD,abc123,$0.00 ,$657.80 ,def940
11/30/23,USD,abc123,$0.00 ,"$99,500.00 ",def941
11/30/23,USD,abc123,$0.00 ,"$99,500.00 ",def942
11/30/23,USD,abc123,$0.00 ,"$99,500.70 ",def943
11/30/23,USD,abc123,$0.00 ,"$99,599.50 ",def944
11/30/23,USD,abc123,$0.00 ,"$16,830.00 ",def945
11/30/23,USD,abc123,$0.00 ,"$89,716.21 ",def946
11/30/23,USD,abc123,$0.00 ,"$432,285.24 ",def947
11/30/23,USD,abc123,$0.00 ,"$499,100.00 ",def948
11/30/23,USD,abc123,$0.00 ,"$499,100.00 ",def949
11/30/23,USD,abc123,$0.00 ,"$598,920.00 ",def950
2012/1/23,USD,abc123,"$1,912,069.00 ",$0.00 ,def951
2012/1/23,USD,abc123,"$20,000.00 ",$0.00 ,def952
2012/1/23,USD,abc123,"$89,977.00 ",$0.00 ,def953
2012/1/23,USD,abc123,"$100,000.00 ",$0.00 ,def954
2012/1/23,USD,abc123,$0.00 ,"$1,111.88 ",def955
2012/1/23,USD,abc123,$0.00 ,"$99,980.00 ",def956
2012/1/23,USD,abc123,$0.00 ,"$109,450.00 ",def957
2012/1/23,USD,abc123,$0.00 ,"$200,000.00 ",def958
2012/1/23,USD,abc123,$0.00 ,"$499,100.00 ",def959
2012/1/23,USD,abc123,$0.00 ,"$99,980.00 ",def960
2012/1/23,USD,abc123,$0.00 ,"$150,000.00 ",def961
2012/1/23,USD,abc123,$0.00 ,"$199,440.00 ",def962
2012/1/23,USD,abc123,$0.00 ,"$325,729.81 ",def963
2012/4/23,USD,abc123,"$2,514,940.52 ",$0.00 ,def964
2012/4/23,USD,abc123,"$2,500,101.08 ",$0.00 ,def965
2012/4/23,USD,abc123,"$1,499,690.00 ",$0.00 ,def966
2012/4/23,USD,abc123,"$45,000.00 ",$0.00 ,def967
2012/4/23,USD,abc123,$0.00 ,$280.00 ,def968
2012/4/23,USD,abc123,$0.00 ,"$9,650.17 ",def969
2012/4/23,USD,abc123,$0.00 ,"$36,692.10 ",def970
2012/4/23,USD,abc123,$0.00 ,"$48,870.09 ",def971
2012/4/23,USD,abc123,$0.00 ,"$99,500.00 ",def972
2012/4/23,USD,abc123,$0.00 ,"$99,500.00 ",def973
2012/4/23,USD,abc123,$0.00 ,"$249,250.00 ",def974
2012/4/23,USD,abc123,$0.00 ,"$382,322.58 ",def975
2012/4/23,USD,abc123,$0.00 ,"$382,970.63 ",def976
2012/4/23,USD,abc123,$0.00 ,$500.00 ,def977
2012/4/23,USD,abc123,$0.00 ,"$49,742.40 ",def978
2012/4/23,USD,abc123,$0.00 ,"$137,897.06 ",def979
2012/4/23,USD,abc123,$0.00 ,"$276,860.92 ",def980
2012/4/23,USD,abc123,$0.00 ,"$998,400.00 ",def981
2012/4/23,USD,abc123,$0.00 ,"$998,400.00 ",def982
2012/4/23,USD,abc123,$0.00 ,"$1,000,000.00 ",def983
2012/4/23,USD,abc123,$0.00 ,"$2,175,944.88 ",def984
2012/5/23,USD,abc123,"$3,937,270.00 ",$0.00 ,def985
2012/5/23,USD,abc123,"$20,000.00 ",$0.00 ,def986
2012/5/23,USD,abc123,$0.00 ,"$129,350.00 ",def987
2012/5/23,USD,abc123,$0.00 ,"$311,484.75 ",def988
2012/5/23,USD,abc123,$0.00 ,"$470,586.99 ",def989
2012/5/23,USD,abc123,$0.00 ,"$2,352,294.63 ",def990
2012/6/23,USD,abc123,"$3,999,410.00 ",$0.00 ,def991
2012/6/23,USD,abc123,"$49,732.40 ",$0.00 ,def992
2012/6/23,USD,abc123,"$2,000,000.00 ",$0.00 ,def993
2012/6/23,USD,abc123,$0.00 ,"$100,000.00 ",def994
2012/6/23,USD,abc123,$0.00 ,"$99,500.00 ",def995
2012/6/23,USD,abc123,$0.00 ,"$117,410.00 ",def996
2012/6/23,USD,abc123,$0.00 ,"$100,000.00 ",def997
2012/6/23,USD,abc123,$0.00 ,"$136,388.60 ",def998
2012/6/23,USD,abc123,$0.00 ,"$285,000.81 ",def999
2012/6/23,USD,abc123,$0.00 ,"$298,607.96 ",def1000
2012/6/23,USD,abc123,$0.00 ,"$448,650.00 ",def1001
2012/6/23,USD,abc123,$0.00 ,"$498,500.00 ",def1002
2012/6/23,USD,abc123,$0.00 ,"$998,200.00 ",def1003
2012/6/23,USD,abc123,$0.00 ,"$2,240,741.47 ",def1004
