datetime,currency,amount,type
2008-11-23T00:00:00Z,USD,1000.0,TRANSFER IN
2023-08-15T00:00:00Z,USD,2000.0,TRANSFER IN
2023-08-15T00:00:00Z,USD,10.0,TRANSFER OUT
2023-08-15T00:00:00Z,USD,500.0,TRANSFER OUT
2023-08-16T00:00:00Z,USD,100000.0,TRANSFER IN
2023-08-17T00:00:00Z,USD,1342792.0,TRANSFER IN
2023-08-17T00:00:00Z,USD,662017.0,TRANSFER IN
2023-08-17T00:00:00Z,USD,42065.97,TRANSFER OUT
2023-08-17T00:00:00Z,USD,461794.75,TRANSFER OUT
2023-08-18T00:00:00Z,USDD,380000.0,TRANSFER OUT
2023-08-18T00:00:00Z,USD,49750.0,TRANSFER OUT
2023-08-18T00:00:00Z,USD,429513.66,TRANSFER OUT
2023-08-18T00:00:00Z,USD,500000.0,TRANSFER OUT
2023-08-21T00:00:00Z,USD,1524332.0,TRANSFER IN
2023-08-21T00:00:00Z,USD,799304.0,TRANSFER IN
2023-08-21T00:00:00Z,USD,10.0,TRANSFER OUT
2023-08-21T00:00:00Z,USD,650000.0,TRANSFER OUT
2023-08-21T00:00:00Z,USD,997100.0,TRANSFER OUT
2023-08-21T00:00:00Z,USD,98104.8,TRANSFER OUT
2023-08-21T00:00:00Z,USD,798260.54,TRANSFER OUT
2023-08-22T00:00:00Z,USD,767827.0,TRANSFER IN
2023-08-22T00:00:00Z,USD,250376.0,TRANSFER IN
2023-08-22T00:00:00Z,USD,60974.0,TRANSFER IN
2023-08-22T00:00:00Z,USD,31987.0,TRANSFER IN
2023-08-22T00:00:00Z,USD,500000.0,TRANSFER IN
2023-08-22T00:00:00Z,USD,499000.0,TRANSFER OUT
2023-08-22T00:00:00Z,USD,53945.92,TRANSFER OUT
2023-08-22T00:00:00Z,USD,99500.0,TRANSFER OUT
2023-08-22T00:00:00Z,USD,250049.1,TRANSFER OUT
2023-08-22T00:00:00Z,USD,299250.0,TRANSFER OUT
2023-08-22T00:00:00Z,USD,328079.79,TRANSFER OUT
2023-08-23T00:00:00Z,USD,4796160.0,TRANSFER IN
2023-08-23T00:00:00Z,USD,100000.0,TRANSFER IN
2023-08-23T00:00:00Z,USD,100000.0,TRANSFER IN
2023-08-23T00:00:00Z,USD,490000.0,TRANSFER IN
2023-08-23T00:00:00Z,USD,199000.05,TRANSFER OUT
2023-08-23T00:00:00Z,USD,99496.23,TRANSFER OUT
2023-08-23T00:00:00Z,USD,229794.94,TRANSFER OUT
2023-08-23T00:00:00Z,USD,249246.22,TRANSFER OUT
2023-08-23T00:00:00Z,USD,532000.0,TRANSFER OUT
2023-08-23T00:00:00Z,USD,848300.0,TRANSFER OUT
2023-08-23T00:00:00Z,USD,948100.0,TRANSFER OUT
2023-08-23T00:00:00Z,USD,1995984.03,TRANSFER OUT
2023-08-24T00:00:00Z,USD,2596733.0,TRANSFER IN
2023-08-24T00:00:00Z,USD,999581.0,TRANSFER IN
2023-08-24T00:00:00Z,USD,250000.0,TRANSFER IN
2023-08-24T00:00:00Z,USD,250000.0,TRANSFER IN
2023-08-24T00:00:00Z,USD,99500.0,TRANSFER OUT
2023-08-24T00:00:00Z,USD,72631.23,TRANSFER OUT
2023-08-24T00:00:00Z,USD,310048.06,TRANSFER OUT
2023-08-24T00:00:00Z,USD,400078.56,TRANSFER OUT
2023-08-24T00:00:00Z,USD,998000.0,TRANSFER OUT
2023-08-24T00:00:00Z,USD,1995999.0,TRANSFER OUT
2023-08-25T00:00:00Z,USD,1770827.0,TRANSFER IN
2023-08-25T00:00:00Z,USD,250000.0,TRANSFER IN
2023-08-25T00:00:00Z,USD,498750.0,TRANSFER OUT
2023-08-25T00:00:00Z,USD,20000.24,TRANSFER OUT
2023-08-25T00:00:00Z,USD,99500.0,TRANSFER OUT
2023-08-25T00:00:00Z,USD,209365.02,TRANSFER OUT
2023-08-25T00:00:00Z,USD,223277.19,TRANSFER OUT
2023-08-25T00:00:00Z,USD,664000.01,TRANSFER OUT
2023-08-28T00:00:00Z,USD,3165056.0,TRANSFER IN
2023-08-28T00:00:00Z,USD,2524987.0,TRANSFER IN
2023-08-28T00:00:00Z,USD,40750.0,TRANSFER IN
2023-08-28T00:00:00Z,USD,210000.0,TRANSFER IN
2023-08-28T00:00:00Z,USD,100495.0,TRANSFER OUT
2023-08-28T00:00:00Z,USD,100495.0,TRANSFER OUT
2023-08-28T00:00:00Z,USD,100495.0,TRANSFER OUT
2023-08-28T00:00:00Z,USD,100495.0,TRANSFER OUT
2023-08-28T00:00:00Z,USD,898290.0,TRANSFER OUT
2023-08-28T00:00:00Z,USD,9900.0,TRANSFER OUT
2023-08-28T00:00:00Z,USD,209365.02,TRANSFER OUT
2023-08-28T00:00:00Z,USD,249250.0,TRANSFER OUT
2023-08-28T00:00:00Z,USD,320915.88,TRANSFER OUT
2023-08-28T00:00:00Z,USD,330627.02,TRANSFER OUT
2023-08-28T00:00:00Z,USD,400078.55,TRANSFER OUT
2023-08-28T00:00:00Z,USD,661000.0,TRANSFER OUT
2023-08-28T00:00:00Z,USD,996995.02,TRANSFER OUT
2023-08-28T00:00:00Z,USD,1961470.2,TRANSFER OUT
2023-08-29T00:00:00Z,USD,3877755.0,TRANSFER IN
2023-08-29T00:00:00Z,USD,274000.0,TRANSFER OUT
2023-08-29T00:00:00Z,USD,299125.01,TRANSFER OUT
2023-08-29T00:00:00Z,USD,331385.19,TRANSFER OUT
2023-08-29T00:00:00Z,USD,998000.0,TRANSFER OUT
2023-08-29T00:00:00Z,USD,1968754.6,TRANSFER OUT
2023-08-30T00:00:00Z,USD,1999485.0,TRANSFER IN
2023-08-30T00:00:00Z,USD,2788884.0,TRANSFER IN
2023-08-30T00:00:00Z,USD,50089.0,TRANSFER IN
2023-08-30T00:00:00Z,USD,250000.0,TRANSFER IN
2023-08-30T00:00:00Z,USD,100495.0,TRANSFER OUT
2023-08-30T00:00:00Z,USD,137500.0,TRANSFER OUT
2023-08-30T00:00:00Z,USD,148182.17,TRANSFER OUT
2023-08-30T00:00:00Z,USD,335781.03,TRANSFER OUT
2023-08-30T00:00:00Z,USD,763455.0,TRANSFER OUT
2023-08-30T00:00:00Z,USD,998000.0,TRANSFER OUT
2023-08-30T00:00:00Z,USD,1005446.0,TRANSFER OUT
2023-08-30T00:00:00Z,USD,1225684.0,TRANSFER OUT
2023-08-31T00:00:00Z,USD,1999600.0,TRANSFER IN
2023-08-31T00:00:00Z,USD,200000.0,TRANSFER IN
2023-08-31T00:00:00Z,USD,150000.0,TRANSFER OUT
2023-08-31T00:00:00Z,USD,79760.0,TRANSFER OUT
2023-08-31T00:00:00Z,USD,100495.0,TRANSFER OUT
2023-08-31T00:00:00Z,USD,99500.0,TRANSFER OUT
2023-08-31T00:00:00Z,USD,99700.0,TRANSFER OUT
2023-08-31T00:00:00Z,USD,199395.96,TRANSFER OUT
2023-08-31T00:00:00Z,USD,235664.74,TRANSFER OUT
2023-08-31T00:00:00Z,USD,660000.0,TRANSFER OUT
2009-01-23T00:00:00Z,USD,4874812.0,TRANSFER IN
2009-01-23T00:00:00Z,USD,500000.0,TRANSFER OUT
2009-01-23T00:00:00Z,USD,10000.0,TRANSFER OUT
2009-01-23T00:00:00Z,USD,90000.0,TRANSFER OUT
2009-01-23T00:00:00Z,USD,30018.8,TRANSFER OUT
2009-01-23T00:00:00Z,USD,404472.38,TRANSFER OUT
2009-01-23T00:00:00Z,USD,99700.0,TRANSFER OUT
2009-01-23T00:00:00Z,USD,253960.75,TRANSFER OUT
2009-01-23T00:00:00Z,USD,309097.8,TRANSFER OUT
2009-01-23T00:00:00Z,USD,928000.0,TRANSFER OUT
2009-01-23T00:00:00Z,USD,1426268.0,TRANSFER OUT
2009-01-23T00:00:00Z,USD,1789563.0,TRANSFER OUT
2009-05-23T00:00:00Z,USD,1798605.0,TRANSFER IN
2009-05-23T00:00:00Z,USD,99918.0,TRANSFER IN
2009-05-23T00:00:00Z,USD,78255.0,TRANSFER IN
2009-05-23T00:00:00Z,USDD,99500.0,TRANSFER OUT
2009-05-23T00:00:00Z,USD,99500.0,TRANSFER OUT
2009-05-23T00:00:00Z,USD,100495.0,TRANSFER OUT
2009-05-23T00:00:00Z,USD,358294.92,TRANSFER OUT
2009-05-23T00:00:00Z,USD,401474.95,TRANSFER OUT
2009-05-23T00:00:00Z,USD,4000.0,TRANSFER OUT
2009-05-23T00:00:00Z,USD,54725.0,TRANSFER OUT
2009-05-23T00:00:00Z,USD,98104.8,TRANSFER OUT
2009-05-23T00:00:00Z,USD,258327.76,TRANSFER OUT
2009-05-23T00:00:00Z,USD,329039.8,TRANSFER OUT
2009-05-23T00:00:00Z,USD,502000.0,TRANSFER OUT
2009-06-23T00:00:00Z,USD,5992626.0,TRANSFER IN
2009-06-23T00:00:00Z,USD,1000.0,TRANSFER IN
2009-06-23T00:00:00Z,USD,103680.0,TRANSFER IN
2009-06-23T00:00:00Z,USD,350000.0,TRANSFER IN
2009-06-23T00:00:00Z,USD,99700.0,TRANSFER OUT
2009-06-23T00:00:00Z,USD,383573.87,TRANSFER OUT
2009-06-23T00:00:00Z,USD,504625.91,TRANSFER OUT
2009-06-23T00:00:00Z,USD,833797.06,TRANSFER OUT
2009-06-23T00:00:00Z,USD,998200.0,TRANSFER OUT
2009-06-23T00:00:00Z,USD,1637203.09,TRANSFER OUT
2009-06-23T00:00:00Z,USD,1856497.0,TRANSFER OUT
2009-07-23T00:00:00Z,USD,299751.0,TRANSFER IN
2009-07-23T00:00:00Z,USD,1049099.0,TRANSFER IN
2009-07-23T00:00:00Z,USD,1700000.0,TRANSFER IN
2009-07-23T00:00:00Z,USD,4995500.0,TRANSFER IN
2009-07-23T00:00:00Z,USD,200000.0,TRANSFER IN
2009-07-23T00:00:00Z,USD,99500.0,TRANSFER OUT
2009-07-23T00:00:00Z,USD,798400.0,TRANSFER OUT
2009-07-23T00:00:00Z,USD,997800.0,TRANSFER OUT
2009-07-23T00:00:00Z,USD,1778312.33,TRANSFER OUT
2009-07-23T00:00:00Z,USD,19800.0,TRANSFER OUT
2009-07-23T00:00:00Z,USD,300093.8,TRANSFER OUT
2009-07-23T00:00:00Z,USD,407916.24,TRANSFER OUT
2009-07-23T00:00:00Z,USD,998200.0,TRANSFER OUT
2009-07-23T00:00:00Z,USD,1356497.0,TRANSFER OUT
2009-07-23T00:00:00Z,USD,1656266.0,TRANSFER OUT
2009-08-23T00:00:00Z,USD,1399300.0,TRANSFER IN
2009-08-23T00:00:00Z,USD,120000.0,TRANSFER IN
2009-08-23T00:00:00Z,USD,99500.0,TRANSFER OUT
2009-08-23T00:00:00Z,USD,100495.0,TRANSFER OUT
2009-08-23T00:00:00Z,USD,99750.0,TRANSFER OUT
2009-08-23T00:00:00Z,USD,199500.0,TRANSFER OUT
2009-08-23T00:00:00Z,USD,238531.34,TRANSFER OUT
2009-08-23T00:00:00Z,USD,259242.8,TRANSFER OUT
2009-08-23T00:00:00Z,USD,560000.0,TRANSFER OUT
2009-11-23T00:00:00Z,USD,3643755.0,TRANSFER IN
2009-11-23T00:00:00Z,USD,130000.0,TRANSFER IN
2009-11-23T00:00:00Z,USD,200000.0,TRANSFER IN
2009-11-23T00:00:00Z,USD,359211.0,TRANSFER OUT
2009-11-23T00:00:00Z,USD,99500.0,TRANSFER OUT
2009-11-23T00:00:00Z,USD,304540.77,TRANSFER OUT
2009-11-23T00:00:00Z,USD,383248.35,TRANSFER OUT
2009-11-23T00:00:00Z,USD,392771.0,TRANSFER OUT
2009-11-23T00:00:00Z,USD,299127.75,TRANSFER OUT
2009-11-23T00:00:00Z,USD,500000.0,TRANSFER OUT
2009-11-23T00:00:00Z,USD,575666.67,TRANSFER OUT
2009-11-23T00:00:00Z,USD,826000.0,TRANSFER OUT
2009-12-23T00:00:00Z,USD,999700.0,TRANSFER IN
2009-12-23T00:00:00Z,USD,219340.0,TRANSFER OUT
2009-12-23T00:00:00Z,USD,260309.46,TRANSFER OUT
2009-12-23T00:00:00Z,USD,299136.72,TRANSFER OUT
2009-12-23T00:00:00Z,USD,497000.0,TRANSFER OUT
2023-09-13T00:00:00Z,USD,1199640.0,TRANSFER IN
2023-09-13T00:00:00Z,USD,50000.0,TRANSFER IN
2023-09-13T00:00:00Z,USD,295096.85,TRANSFER OUT
2023-09-13T00:00:00Z,USD,299097.75,TRANSFER OUT
2023-09-13T00:00:00Z,USD,551000.0,TRANSFER OUT
2023-09-14T00:00:00Z,USD,4044131.0,TRANSFER IN
2023-09-14T00:00:00Z,USD,299970.0,TRANSFER IN
2023-09-14T00:00:00Z,USD,382741.67,TRANSFER OUT
2023-09-14T00:00:00Z,USD,410826.09,TRANSFER OUT
2023-09-14T00:00:00Z,USD,964523.0,TRANSFER OUT
2023-09-14T00:00:00Z,USD,1258752.0,TRANSFER OUT
2023-09-14T00:00:00Z,USD,1345689.0,TRANSFER OUT
2023-09-15T00:00:00Z,USD,899820.0,TRANSFER IN
2023-09-15T00:00:00Z,USD,231363.31,TRANSFER OUT
2023-09-15T00:00:00Z,USD,249247.22,TRANSFER OUT
2023-09-15T00:00:00Z,USD,497000.0,TRANSFER OUT
2023-09-18T00:00:00Z,USD,250000.0,TRANSFER IN
2023-09-18T00:00:00Z,USD,3300330.0,TRANSFER IN
2023-09-18T00:00:00Z,USD,94520.12,TRANSFER OUT
2023-09-18T00:00:00Z,USD,109450.0,TRANSFER OUT
2023-09-18T00:00:00Z,USD,109450.0,TRANSFER OUT
2023-09-18T00:00:00Z,USD,997100.0,TRANSFER OUT
2023-09-18T00:00:00Z,USD,99700.21,TRANSFER OUT
2023-09-18T00:00:00Z,USD,160500.0,TRANSFER OUT
2023-09-18T00:00:00Z,USD,249250.0,TRANSFER OUT
2023-09-18T00:00:00Z,USD,340003.51,TRANSFER OUT
2023-09-18T00:00:00Z,USD,398797.22,TRANSFER OUT
2023-09-18T00:00:00Z,USD,998200.0,TRANSFER OUT
2023-09-19T00:00:00Z,USD,2399770.0,TRANSFER IN
2023-09-19T00:00:00Z,USD,130000.0,TRANSFER IN
2023-09-19T00:00:00Z,USD,99500.0,TRANSFER OUT
2023-09-19T00:00:00Z,USD,99720.0,TRANSFER OUT
2023-09-19T00:00:00Z,USD,100100.0,TRANSFER OUT
2023-09-19T00:00:00Z,USD,161514.0,TRANSFER OUT
2023-09-19T00:00:00Z,USD,198434.33,TRANSFER OUT
2023-09-19T00:00:00Z,USD,299127.22,TRANSFER OUT
2023-09-19T00:00:00Z,USD,598920.0,TRANSFER OUT
2023-09-19T00:00:00Z,USD,998200.0,TRANSFER OUT
2023-09-20T00:00:00Z,USD,999918.43,TRANSFER IN
2023-09-20T00:00:00Z,USD,149987.63,TRANSFER IN
2023-09-20T00:00:00Z,USD,10000.0,TRANSFER IN
2023-09-20T00:00:00Z,USD,99500.0,TRANSFER OUT
2023-09-20T00:00:00Z,USD,99799.7,TRANSFER OUT
2023-09-20T00:00:00Z,USD,60000.0,TRANSFER OUT
2023-09-20T00:00:00Z,USD,171982.5,TRANSFER OUT
2023-09-20T00:00:00Z,USD,210214.67,TRANSFER OUT
2023-09-20T00:00:00Z,USD,213171.96,TRANSFER OUT
2023-09-20T00:00:00Z,USD,309956.93,TRANSFER OUT
2023-09-21T00:00:00Z,USD,4420542.0,TRANSFER IN
2023-09-21T00:00:00Z,USD,100000.0,TRANSFER IN
2023-09-21T00:00:00Z,USD,145000.0,TRANSFER IN
2023-09-21T00:00:00Z,USD,410000.0,TRANSFER IN
2023-09-21T00:00:00Z,USD,99701.0,TRANSFER OUT
2023-09-21T00:00:00Z,USD,1423.33,TRANSFER OUT
2023-09-21T00:00:00Z,USD,100495.0,TRANSFER OUT
2023-09-21T00:00:00Z,USD,160000.0,TRANSFER OUT
2023-09-21T00:00:00Z,USD,199397.22,TRANSFER OUT
2023-09-21T00:00:00Z,USD,204179.37,TRANSFER OUT
2023-09-21T00:00:00Z,USD,765434.0,TRANSFER OUT
2023-09-21T00:00:00Z,USD,1157306.28,TRANSFER OUT
2023-09-21T00:00:00Z,USD,1825636.0,TRANSFER OUT
2023-09-22T00:00:00Z,USD,2958002.0,TRANSFER IN
2023-09-22T00:00:00Z,USD,145000.0,TRANSFER IN
2023-09-22T00:00:00Z,USD,277528.19,TRANSFER OUT
2023-09-22T00:00:00Z,USD,319040.01,TRANSFER OUT
2023-09-22T00:00:00Z,USD,998500.0,TRANSFER OUT
2023-09-22T00:00:00Z,USD,161514.0,TRANSFER OUT
2023-09-22T00:00:00Z,USD,299106.19,TRANSFER OUT
2023-09-22T00:00:00Z,USD,303601.29,TRANSFER OUT
2023-09-22T00:00:00Z,USD,998200.0,TRANSFER OUT
2023-09-25T00:00:00Z,USD,1606600.0,TRANSFER IN
2023-09-25T00:00:00Z,USD,99997.75,TRANSFER IN
2023-09-25T00:00:00Z,USD,100495.0,TRANSFER OUT
2023-09-25T00:00:00Z,USD,460613.93,TRANSFER OUT
2023-09-25T00:00:00Z,USD,134595.0,TRANSFER OUT
2023-09-25T00:00:00Z,USD,149400.0,TRANSFER OUT
2023-09-25T00:00:00Z,USD,209388.22,TRANSFER OUT
2023-09-25T00:00:00Z,USD,262803.79,TRANSFER OUT
2023-09-25T00:00:00Z,USD,266393.34,TRANSFER OUT
2023-09-25T00:00:00Z,USD,400000.0,TRANSFER OUT
2023-09-26T00:00:00Z,USD,7755373.0,TRANSFER IN
2023-09-26T00:00:00Z,USD,50000.0,TRANSFER IN
2023-09-26T00:00:00Z,USD,63600.0,TRANSFER IN
2023-09-26T00:00:00Z,USD,266000.0,TRANSFER IN
2023-09-26T00:00:00Z,USD,1497255.0,TRANSFER IN
2023-09-26T00:00:00Z,USD,2000.0,TRANSFER OUT
2023-09-26T00:00:00Z,USD,249745.0,TRANSFER OUT
2023-09-26T00:00:00Z,USD,300000.0,TRANSFER OUT
2023-09-26T00:00:00Z,USD,358605.0,TRANSFER OUT
2023-09-26T00:00:00Z,USD,499000.0,TRANSFER OUT
2023-09-26T00:00:00Z,USD,149546.8,TRANSFER OUT
2023-09-26T00:00:00Z,USD,326971.62,TRANSFER OUT
2023-09-26T00:00:00Z,USD,398400.7,TRANSFER OUT
2023-09-26T00:00:00Z,USD,499100.0,TRANSFER OUT
2023-09-26T00:00:00Z,USD,500000.0,TRANSFER OUT
2023-09-26T00:00:00Z,USD,1497300.0,TRANSFER OUT
2023-09-26T00:00:00Z,USD,1569924.86,TRANSFER OUT
2023-09-26T00:00:00Z,USD,1652673.0,TRANSFER OUT
2023-09-27T00:00:00Z,USD,3996400.0,TRANSFER IN
2023-09-27T00:00:00Z,USD,2000.0,TRANSFER OUT
2023-09-27T00:00:00Z,USD,9800.77,TRANSFER OUT
2023-09-27T00:00:00Z,USD,49747.02,TRANSFER OUT
2023-09-27T00:00:00Z,USD,99500.0,TRANSFER OUT
2023-09-27T00:00:00Z,USD,100495.0,TRANSFER OUT
2023-09-27T00:00:00Z,USD,430078.5,TRANSFER OUT
2023-09-27T00:00:00Z,USD,169830.0,TRANSFER OUT
2023-09-27T00:00:00Z,USD,299106.77,TRANSFER OUT
2023-09-27T00:00:00Z,USD,332873.19,TRANSFER OUT
2023-09-27T00:00:00Z,USD,639255.0,TRANSFER OUT
2023-09-27T00:00:00Z,USD,858000.0,TRANSFER OUT
2023-09-27T00:00:00Z,USD,996996.8,TRANSFER OUT
2023-09-27T00:00:00Z,USD,1064425.12,TRANSFER OUT
2023-09-28T00:00:00Z,USD,5996400.0,TRANSFER IN
2023-09-28T00:00:00Z,USD,700501.41,TRANSFER IN
2023-09-28T00:00:00Z,USD,100495.0,TRANSFER OUT
2023-09-28T00:00:00Z,USD,149250.0,TRANSFER OUT
2023-09-28T00:00:00Z,USD,268613.42,TRANSFER OUT
2023-09-28T00:00:00Z,USD,171828.0,TRANSFER OUT
2023-09-28T00:00:00Z,USD,199900.0,TRANSFER OUT
2023-09-28T00:00:00Z,USD,223405.42,TRANSFER OUT
2023-09-28T00:00:00Z,USD,299196.71,TRANSFER OUT
2023-09-28T00:00:00Z,USD,498900.0,TRANSFER OUT
2023-09-28T00:00:00Z,USD,931308.67,TRANSFER OUT
2023-09-28T00:00:00Z,USD,998200.0,TRANSFER OUT
2023-09-28T00:00:00Z,USD,1501983.53,TRANSFER OUT
2023-09-28T00:00:00Z,USD,1876587.0,TRANSFER OUT
2023-09-29T00:00:00Z,USD,30000.0,TRANSFER IN
2023-09-29T00:00:00Z,USD,2234.6,TRANSFER OUT
2023-09-29T00:00:00Z,USD,119400.0,TRANSFER OUT
2010-02-23T00:00:00Z,USD,2140000.0,TRANSFER IN
2010-02-23T00:00:00Z,USD,2000800.0,TRANSFER IN
2010-02-23T00:00:00Z,USD,99500.0,TRANSFER OUT
2010-02-23T00:00:00Z,USD,99500.0,TRANSFER OUT
2010-02-23T00:00:00Z,USD,99500.0,TRANSFER OUT
2010-02-23T00:00:00Z,USD,99700.0,TRANSFER OUT
2010-02-23T00:00:00Z,USD,179100.0,TRANSFER OUT
2010-02-23T00:00:00Z,USD,218233.12,TRANSFER OUT
2010-02-23T00:00:00Z,USD,998200.0,TRANSFER OUT
2010-03-23T00:00:00Z,USD,50000.0,TRANSFER IN
2010-03-23T00:00:00Z,USD,344477.11,TRANSFER OUT
2010-03-23T00:00:00Z,USD,98104.8,TRANSFER OUT
2010-03-23T00:00:00Z,USD,99496.81,TRANSFER OUT
2010-03-23T00:00:00Z,USD,408770.0,TRANSFER OUT
2010-04-23T00:00:00Z,USD,2000000.0,TRANSFER IN
2010-04-23T00:00:00Z,USD,9800.0,TRANSFER OUT
2010-04-23T00:00:00Z,USD,359932.16,TRANSFER OUT
2010-04-23T00:00:00Z,USD,466144.66,TRANSFER OUT
2010-04-23T00:00:00Z,USD,10000.0,TRANSFER OUT
2010-04-23T00:00:00Z,USD,53087.95,TRANSFER OUT
2010-04-23T00:00:00Z,USD,99496.81,TRANSFER OUT
2010-04-23T00:00:00Z,USD,100000.0,TRANSFER OUT
2010-04-23T00:00:00Z,USD,118279.04,TRANSFER OUT
2010-04-23T00:00:00Z,USD,199000.0,TRANSFER OUT
2010-05-23T00:00:00Z,USD,300750.0,TRANSFER IN
2010-05-23T00:00:00Z,USD,99500.0,TRANSFER OUT
2010-05-23T00:00:00Z,USD,100495.0,TRANSFER OUT
2010-05-23T00:00:00Z,USD,49003.75,TRANSFER OUT
2010-05-23T00:00:00Z,USD,71835.81,TRANSFER OUT
2010-06-23T00:00:00Z,USD,80757.0,TRANSFER OUT
2010-06-23T00:00:00Z,USD,99500.0,TRANSFER OUT
2010-06-23T00:00:00Z,USD,998200.0,TRANSFER OUT
2010-06-23T00:00:00Z,USD,122946.84,TRANSFER OUT
2010-06-23T00:00:00Z,USD,152234.52,TRANSFER OUT
2010-10-23T00:00:00Z,USD,2470200.0,TRANSFER IN
2010-10-23T00:00:00Z,USD,5624504.55,TRANSFER IN
2010-10-23T00:00:00Z,USD,59700.0,TRANSFER OUT
2010-10-23T00:00:00Z,USD,129350.0,TRANSFER OUT
2010-10-23T00:00:00Z,USD,149250.0,TRANSFER OUT
2010-10-23T00:00:00Z,USD,149250.0,TRANSFER OUT
2010-10-23T00:00:00Z,USD,184445.0,TRANSFER OUT
2010-10-23T00:00:00Z,USD,231065.87,TRANSFER OUT
2010-10-23T00:00:00Z,USD,237507.0,TRANSFER OUT
2010-10-23T00:00:00Z,USD,396142.84,TRANSFER OUT
2010-10-23T00:00:00Z,USD,425909.5,TRANSFER OUT
2010-10-23T00:00:00Z,USD,499000.0,TRANSFER OUT
2010-10-23T00:00:00Z,USD,19600.0,TRANSFER OUT
2010-10-23T00:00:00Z,USD,124010.0,TRANSFER OUT
2010-10-23T00:00:00Z,USD,129350.0,TRANSFER OUT
2010-10-23T00:00:00Z,USD,162837.0,TRANSFER OUT
2010-10-23T00:00:00Z,USD,250000.0,TRANSFER OUT
2010-10-23T00:00:00Z,USD,389551.61,TRANSFER OUT
2010-10-23T00:00:00Z,USD,448647.38,TRANSFER OUT
2010-10-23T00:00:00Z,USD,687654.0,TRANSFER OUT
2010-10-23T00:00:00Z,USD,1647454.0,TRANSFER OUT
2010-10-23T00:00:00Z,USD,1658892.0,TRANSFER OUT
2010-11-23T00:00:00Z,USD,3599601.0,TRANSFER IN
2010-11-23T00:00:00Z,USD,100000.0,TRANSFER OUT
2010-11-23T00:00:00Z,USD,100495.0,TRANSFER OUT
2010-11-23T00:00:00Z,USD,133137.73,TRANSFER OUT
2010-11-23T00:00:00Z,USD,149250.0,TRANSFER OUT
2010-11-23T00:00:00Z,USD,846714.8,TRANSFER OUT
2010-11-23T00:00:00Z,USD,1156554.0,TRANSFER OUT
2010-11-23T00:00:00Z,USD,1756549.0,TRANSFER OUT
2010-12-23T00:00:00Z,USD,100000.0,TRANSFER IN
2010-12-23T00:00:00Z,USD,268000.0,TRANSFER IN
2010-12-23T00:00:00Z,USD,82283.88,TRANSFER OUT
2010-12-23T00:00:00Z,USD,109450.0,TRANSFER OUT
2010-12-23T00:00:00Z,USD,118000.0,TRANSFER OUT
2010-12-23T00:00:00Z,USD,109714.18,TRANSFER OUT
2023-10-13T00:00:00Z,USD,1999056.17,TRANSFER IN
2023-10-13T00:00:00Z,USD,1499183.14,TRANSFER IN
2023-10-13T00:00:00Z,USD,14000.0,TRANSFER IN
2023-10-13T00:00:00Z,USD,9900.0,TRANSFER OUT
2023-10-13T00:00:00Z,USD,119393.13,TRANSFER OUT
2023-10-13T00:00:00Z,USD,125775.0,TRANSFER OUT
2023-10-13T00:00:00Z,USD,10259.37,TRANSFER OUT
2023-10-13T00:00:00Z,USD,124875.0,TRANSFER OUT
2023-10-13T00:00:00Z,USD,258098.63,TRANSFER OUT
2023-10-13T00:00:00Z,USD,602299.66,TRANSFER OUT
2023-10-13T00:00:00Z,USD,1000000.0,TRANSFER OUT
2023-10-13T00:00:00Z,USD,1125936.05,TRANSFER OUT
2023-10-16T00:00:00Z,USD,3000000.0,TRANSFER IN
2023-10-16T00:00:00Z,USD,5013756.52,TRANSFER IN
2023-10-16T00:00:00Z,USD,10000.0,TRANSFER IN
2023-10-16T00:00:00Z,USD,190979.0,TRANSFER IN
2023-10-16T00:00:00Z,USD,9900.0,TRANSFER OUT
2023-10-16T00:00:00Z,USD,49500.0,TRANSFER OUT
2023-10-16T00:00:00Z,USD,50000.0,TRANSFER OUT
2023-10-16T00:00:00Z,USD,99500.0,TRANSFER OUT
2023-10-16T00:00:00Z,USD,99500.0,TRANSFER OUT
2023-10-16T00:00:00Z,USD,99599.5,TRANSFER OUT
2023-10-16T00:00:00Z,USD,998000.0,TRANSFER OUT
2023-10-16T00:00:00Z,USD,119880.0,TRANSFER OUT
2023-10-16T00:00:00Z,USD,199600.0,TRANSFER OUT
2023-10-16T00:00:00Z,USD,398801.99,TRANSFER OUT
2023-10-16T00:00:00Z,USD,437803.75,TRANSFER OUT
2023-10-16T00:00:00Z,USD,485452.15,TRANSFER OUT
2023-10-16T00:00:00Z,USD,998000.0,TRANSFER OUT
2023-10-16T00:00:00Z,USD,998600.0,TRANSFER OUT
2023-10-16T00:00:00Z,USD,1158697.0,TRANSFER OUT
2023-10-16T00:00:00Z,USD,1595444.58,TRANSFER OUT
2023-10-17T00:00:00Z,USD,3501050.0,TRANSFER IN
2023-10-17T00:00:00Z,USD,161800.0,TRANSFER IN
2023-10-17T00:00:00Z,USD,50000.0,TRANSFER IN
2023-10-17T00:00:00Z,USD,50000.0,TRANSFER IN
2023-10-17T00:00:00Z,USD,99997.5,TRANSFER OUT
2023-10-17T00:00:00Z,USD,9900.0,TRANSFER OUT
2023-10-17T00:00:00Z,USD,129870.0,TRANSFER OUT
2023-10-17T00:00:00Z,USD,161314.6,TRANSFER OUT
2023-10-17T00:00:00Z,USD,299101.99,TRANSFER OUT
2023-10-17T00:00:00Z,USD,321052.94,TRANSFER OUT
2023-10-17T00:00:00Z,USD,856423.0,TRANSFER OUT
2023-10-17T00:00:00Z,USD,861342.0,TRANSFER OUT
2023-10-17T00:00:00Z,USD,1117588.53,TRANSFER OUT
2023-10-18T00:00:00Z,USD,1500000.0,TRANSFER IN
2023-10-18T00:00:00Z,USD,109450.0,TRANSFER OUT
2023-10-18T00:00:00Z,USD,236659.88,TRANSFER OUT
2023-10-18T00:00:00Z,USD,348950.0,TRANSFER OUT
2023-10-18T00:00:00Z,USD,997043.76,TRANSFER OUT
2023-10-19T00:00:00Z,USD,3000300.0,TRANSFER IN
2023-10-19T00:00:00Z,USD,2000000.0,TRANSFER IN
2023-10-19T00:00:00Z,USD,99500.0,TRANSFER OUT
2023-10-19T00:00:00Z,USD,99500.0,TRANSFER OUT
2023-10-19T00:00:00Z,USD,1098020.0,TRANSFER OUT
2023-10-19T00:00:00Z,USD,103599.28,TRANSFER OUT
2023-10-19T00:00:00Z,USD,281640.54,TRANSFER OUT
2023-10-19T00:00:00Z,USD,528410.0,TRANSFER OUT
2023-10-19T00:00:00Z,USD,756254.0,TRANSFER OUT
2023-10-19T00:00:00Z,USD,1965592.1,TRANSFER OUT
2023-10-20T00:00:00Z,USD,1350000.0,TRANSFER IN
2023-10-20T00:00:00Z,USD,39105.82,TRANSFER IN
2023-10-20T00:00:00Z,USD,4314.39,TRANSFER OUT
2023-10-20T00:00:00Z,USD,99500.0,TRANSFER OUT
2023-10-20T00:00:00Z,USD,200000.0,TRANSFER OUT
2023-10-20T00:00:00Z,USD,499000.0,TRANSFER OUT
2023-10-20T00:00:00Z,USD,93159.68,TRANSFER OUT
2023-10-20T00:00:00Z,USD,478756.41,TRANSFER OUT
2023-10-23T00:00:00Z,USD,2603620.0,TRANSFER IN
2023-10-23T00:00:00Z,USD,2500250.0,TRANSFER IN
2023-10-23T00:00:00Z,USD,280840.0,TRANSFER IN
2023-10-23T00:00:00Z,USD,443.08,TRANSFER OUT
2023-10-23T00:00:00Z,USD,586.34,TRANSFER OUT
2023-10-23T00:00:00Z,USD,99500.0,TRANSFER OUT
2023-10-23T00:00:00Z,USD,99500.0,TRANSFER OUT
2023-10-23T00:00:00Z,USD,99500.36,TRANSFER OUT
2023-10-23T00:00:00Z,USD,99997.5,TRANSFER OUT
2023-10-23T00:00:00Z,USD,998000.0,TRANSFER OUT
2023-10-23T00:00:00Z,USD,199000.8,TRANSFER OUT
2023-10-23T00:00:00Z,USD,329713.88,TRANSFER OUT
2023-10-23T00:00:00Z,USD,865512.65,TRANSFER OUT
2023-10-23T00:00:00Z,USD,996996.34,TRANSFER OUT
2023-10-23T00:00:00Z,USD,1625755.7,TRANSFER OUT
2023-10-24T00:00:00Z,USD,6223089.0,TRANSFER IN
2023-10-24T00:00:00Z,USD,2998800.0,TRANSFER IN
2023-10-24T00:00:00Z,USD,50000.0,TRANSFER IN
2023-10-24T00:00:00Z,USD,109450.0,TRANSFER OUT
2023-10-24T00:00:00Z,USD,129350.0,TRANSFER OUT
2023-10-24T00:00:00Z,USD,498900.0,TRANSFER OUT
2023-10-24T00:00:00Z,USD,124010.0,TRANSFER OUT
2023-10-24T00:00:00Z,USD,199200.0,TRANSFER OUT
2023-10-24T00:00:00Z,USD,244806.37,TRANSFER OUT
2023-10-24T00:00:00Z,USD,394013.5,TRANSFER OUT
2023-10-24T00:00:00Z,USD,545451.15,TRANSFER OUT
2023-10-24T00:00:00Z,USD,1864180.63,TRANSFER OUT
2023-10-25T00:00:00Z,USD,2000000.0,TRANSFER IN
2023-10-25T00:00:00Z,USD,350000.1,TRANSFER IN
2023-10-25T00:00:00Z,USD,333.86,TRANSFER OUT
2023-10-25T00:00:00Z,USD,3376.28,TRANSFER OUT
2023-10-25T00:00:00Z,USD,5317.38,TRANSFER OUT
2023-10-25T00:00:00Z,USD,104475.0,TRANSFER OUT
2023-10-25T00:00:00Z,USD,119400.0,TRANSFER OUT
2023-10-25T00:00:00Z,USD,998100.0,TRANSFER OUT
2023-10-25T00:00:00Z,USD,232058.63,TRANSFER OUT
2023-10-25T00:00:00Z,USD,349944.01,TRANSFER OUT
2023-10-25T00:00:00Z,USD,1287320.0,TRANSFER OUT
2023-10-25T00:00:00Z,USD,1308000.0,TRANSFER OUT
2023-10-26T00:00:00Z,USD,2000000.0,TRANSFER IN
2023-10-26T00:00:00Z,USD,2999400.0,TRANSFER IN
2023-10-26T00:00:00Z,USD,50000.0,TRANSFER IN
2023-10-26T00:00:00Z,USD,130000.0,TRANSFER IN
2023-10-26T00:00:00Z,USD,3000000.0,TRANSFER IN
2023-10-26T00:00:00Z,USD,99500.0,TRANSFER OUT
2023-10-26T00:00:00Z,USD,99997.5,TRANSFER OUT
2023-10-26T00:00:00Z,USD,998100.0,TRANSFER OUT
2023-10-26T00:00:00Z,USD,195908.28,TRANSFER OUT
2023-10-26T00:00:00Z,USD,199620.0,TRANSFER OUT
2023-10-26T00:00:00Z,USD,299114.96,TRANSFER OUT
2023-10-26T00:00:00Z,USD,299430.0,TRANSFER OUT
2023-10-26T00:00:00Z,USD,601010.0,TRANSFER OUT
2023-10-26T00:00:00Z,USD,698740.0,TRANSFER OUT
2023-10-26T00:00:00Z,USD,898380.0,TRANSFER OUT
2023-10-26T00:00:00Z,USD,1146325.0,TRANSFER OUT
2023-10-26T00:00:00Z,USD,1997336.96,TRANSFER OUT
2023-10-27T00:00:00Z,USD,27569.71,TRANSFER OUT
2023-10-27T00:00:00Z,USD,99500.0,TRANSFER OUT
2023-10-27T00:00:00Z,USD,100495.0,TRANSFER OUT
2023-10-27T00:00:00Z,USD,998100.0,TRANSFER OUT
2023-10-27T00:00:00Z,USD,34.74,TRANSFER OUT
2023-10-27T00:00:00Z,USD,99700.34,TRANSFER OUT
2023-10-27T00:00:00Z,USD,110997.35,TRANSFER OUT
2023-10-27T00:00:00Z,USD,124883.0,TRANSFER OUT
2023-10-27T00:00:00Z,USD,148946.16,TRANSFER OUT
2023-10-27T00:00:00Z,USD,298400.5,TRANSFER OUT
2023-10-27T00:00:00Z,USD,317569.09,TRANSFER OUT
2023-10-27T00:00:00Z,USD,998100.0,TRANSFER OUT
2023-10-30T00:00:00Z,USD,2000000.0,TRANSFER IN
2023-10-30T00:00:00Z,USD,2000000.0,TRANSFER IN
2023-10-30T00:00:00Z,USD,100000.0,TRANSFER IN
2023-10-30T00:00:00Z,USD,50000.0,TRANSFER IN
2023-10-30T00:00:00Z,USD,100000.0,TRANSFER IN
2023-10-30T00:00:00Z,USD,99500.0,TRANSFER OUT
2023-10-30T00:00:00Z,USD,99500.0,TRANSFER OUT
2023-10-30T00:00:00Z,USD,99997.5,TRANSFER OUT
2023-10-30T00:00:00Z,USD,99997.5,TRANSFER OUT
2023-10-30T00:00:00Z,USD,137611.25,TRANSFER OUT
2023-10-30T00:00:00Z,USD,149625.0,TRANSFER OUT
2023-10-30T00:00:00Z,USD,199787.01,TRANSFER OUT
2023-10-30T00:00:00Z,USD,222580.25,TRANSFER OUT
2023-10-30T00:00:00Z,USD,307840.1,TRANSFER OUT
2023-10-30T00:00:00Z,USD,378889.91,TRANSFER OUT
2023-10-30T00:00:00Z,USD,490018.01,TRANSFER OUT
2023-10-30T00:00:00Z,USD,996996.21,TRANSFER OUT
2023-10-31T00:00:00Z,USD,1000000.0,TRANSFER IN
2023-10-31T00:00:00Z,USD,2000000.0,TRANSFER IN
2023-10-31T00:00:00Z,USD,49995.0,TRANSFER IN
2023-10-31T00:00:00Z,USD,50000.0,TRANSFER IN
2023-10-31T00:00:00Z,USD,350000.0,TRANSFER IN
2023-10-31T00:00:00Z,USD,99500.2,TRANSFER OUT
2023-10-31T00:00:00Z,USD,250000.0,TRANSFER OUT
2023-10-31T00:00:00Z,USD,430489.07,TRANSFER OUT
2023-10-31T00:00:00Z,USD,630108.81,TRANSFER OUT
2023-10-31T00:00:00Z,USD,1345755.0,TRANSFER OUT
2011-01-23T00:00:00Z,USD,2000000.0,TRANSFER IN
2011-01-23T00:00:00Z,USD,20000.0,TRANSFER IN
2011-01-23T00:00:00Z,USD,99995.0,TRANSFER IN
2011-01-23T00:00:00Z,USD,2000000.0,TRANSFER OUT
2011-01-23T00:00:00Z,USD,52735.2,TRANSFER OUT
2011-01-23T00:00:00Z,USD,99500.0,TRANSFER OUT
2011-01-23T00:00:00Z,USD,99500.0,TRANSFER OUT
2011-01-23T00:00:00Z,USD,99500.0,TRANSFER OUT
2011-01-23T00:00:00Z,USD,1495650.0,TRANSFER OUT
2011-01-23T00:00:00Z,USD,119880.0,TRANSFER OUT
2011-01-23T00:00:00Z,USD,199500.0,TRANSFER OUT
2011-01-23T00:00:00Z,USD,279922.49,TRANSFER OUT
2011-02-23T00:00:00Z,USD,1500000.0,TRANSFER IN
2011-02-23T00:00:00Z,USD,49977.0,TRANSFER IN
2011-02-23T00:00:00Z,USD,350000.0,TRANSFER IN
2011-02-23T00:00:00Z,USD,109450.0,TRANSFER OUT
2011-02-23T00:00:00Z,USD,998100.0,TRANSFER OUT
2011-02-23T00:00:00Z,USD,275805.0,TRANSFER OUT
2011-02-23T00:00:00Z,USD,341688.65,TRANSFER OUT
2011-03-23T00:00:00Z,USD,3395515.0,TRANSFER IN
2011-03-23T00:00:00Z,USD,40000.0,TRANSFER IN
2011-03-23T00:00:00Z,USD,299980.0,TRANSFER IN
2011-03-23T00:00:00Z,USD,3000000.0,TRANSFER IN
2011-03-23T00:00:00Z,USD,100495.0,TRANSFER OUT
2011-03-23T00:00:00Z,USD,119400.0,TRANSFER OUT
2011-03-23T00:00:00Z,USD,149550.0,TRANSFER OUT
2011-03-23T00:00:00Z,USD,200000.0,TRANSFER OUT
2011-03-23T00:00:00Z,USD,499000.0,TRANSFER OUT
2011-03-23T00:00:00Z,USD,1366368.56,TRANSFER OUT
2011-03-23T00:00:00Z,USD,198594.01,TRANSFER OUT
2011-03-23T00:00:00Z,USD,299250.0,TRANSFER OUT
2011-03-23T00:00:00Z,USD,301762.42,TRANSFER OUT
2011-03-23T00:00:00Z,USD,499000.0,TRANSFER OUT
2011-03-23T00:00:00Z,USD,998100.0,TRANSFER OUT
2011-03-23T00:00:00Z,USD,1328014.99,TRANSFER OUT
2011-06-23T00:00:00Z,USD,5600000.0,TRANSFER IN
2011-06-23T00:00:00Z,USD,3501200.45,TRANSFER IN
2011-06-23T00:00:00Z,USD,70000.0,TRANSFER IN
2011-06-23T00:00:00Z,USD,29700.0,TRANSFER OUT
2011-06-23T00:00:00Z,USD,109450.0,TRANSFER OUT
2011-06-23T00:00:00Z,USD,109450.0,TRANSFER OUT
2011-06-23T00:00:00Z,USD,129350.0,TRANSFER OUT
2011-06-23T00:00:00Z,USD,339485.63,TRANSFER OUT
2011-06-23T00:00:00Z,USD,353577.64,TRANSFER OUT
2011-06-23T00:00:00Z,USD,410967.73,TRANSFER OUT
2011-06-23T00:00:00Z,USD,668853.32,TRANSFER OUT
2011-06-23T00:00:00Z,USD,998100.0,TRANSFER OUT
2011-06-23T00:00:00Z,USD,379.56,TRANSFER OUT
2011-06-23T00:00:00Z,USD,49250.0,TRANSFER OUT
2011-06-23T00:00:00Z,USD,129610.0,TRANSFER OUT
2011-06-23T00:00:00Z,USD,147852.0,TRANSFER OUT
2011-06-23T00:00:00Z,USD,265000.0,TRANSFER OUT
2011-06-23T00:00:00Z,USD,442361.69,TRANSFER OUT
2011-06-23T00:00:00Z,USD,998100.0,TRANSFER OUT
2011-06-23T00:00:00Z,USD,1256898.0,TRANSFER OUT
2011-06-23T00:00:00Z,USD,1271078.0,TRANSFER OUT
2011-07-23T00:00:00Z,USD,1108570.13,TRANSFER IN
2011-07-23T00:00:00Z,USD,30000.0,TRANSFER IN
2011-07-23T00:00:00Z,USD,100000.0,TRANSFER IN
2011-07-23T00:00:00Z,USD,72734.19,TRANSFER OUT
2011-07-23T00:00:00Z,USD,100000.0,TRANSFER OUT
2011-07-23T00:00:00Z,USD,1495650.0,TRANSFER OUT
2011-07-23T00:00:00Z,USD,49500.0,TRANSFER OUT
2011-07-23T00:00:00Z,USD,265983.01,TRANSFER OUT
2011-07-23T00:00:00Z,USD,387441.81,TRANSFER OUT
2011-07-23T00:00:00Z,USD,998500.0,TRANSFER OUT
2011-08-23T00:00:00Z,USD,572519.0,TRANSFER IN
2011-08-23T00:00:00Z,USD,30000.0,TRANSFER IN
2011-08-23T00:00:00Z,USD,199995.0,TRANSFER IN
2011-08-23T00:00:00Z,USD,299995.0,TRANSFER IN
2011-08-23T00:00:00Z,USDD,9957.45,TRANSFER OUT
2011-08-23T00:00:00Z,USD,100000.0,TRANSFER OUT
2011-08-23T00:00:00Z,USD,109450.0,TRANSFER OUT
2011-08-23T00:00:00Z,USD,109450.0,TRANSFER OUT
2011-08-23T00:00:00Z,USD,173478.0,TRANSFER OUT
2011-08-23T00:00:00Z,USD,238086.87,TRANSFER OUT
2011-08-23T00:00:00Z,USD,292850.49,TRANSFER OUT
2011-09-23T00:00:00Z,USD,3073649.83,TRANSFER IN
2011-09-23T00:00:00Z,USD,299820.0,TRANSFER IN
2011-09-23T00:00:00Z,USD,1499550.0,TRANSFER IN
2011-09-23T00:00:00Z,USD,36000.0,TRANSFER IN
2011-09-23T00:00:00Z,USD,3203.35,TRANSFER OUT
2011-09-23T00:00:00Z,USD,99500.0,TRANSFER OUT
2011-09-23T00:00:00Z,USD,100000.0,TRANSFER OUT
2011-09-23T00:00:00Z,USD,49003.75,TRANSFER OUT
2011-09-23T00:00:00Z,USD,296479.11,TRANSFER OUT
2011-09-23T00:00:00Z,USD,299340.0,TRANSFER OUT
2011-09-23T00:00:00Z,USD,299340.0,TRANSFER OUT
2011-09-23T00:00:00Z,USD,397188.0,TRANSFER OUT
2011-09-23T00:00:00Z,USD,455852.47,TRANSFER OUT
2011-09-23T00:00:00Z,USD,598800.0,TRANSFER OUT
2011-09-23T00:00:00Z,USD,792624.65,TRANSFER OUT
2011-09-23T00:00:00Z,USD,1564578.0,TRANSFER OUT
2011-10-23T00:00:00Z,USD,4426749.92,TRANSFER IN
2011-10-23T00:00:00Z,USD,10000.0,TRANSFER IN
2011-10-23T00:00:00Z,USD,2741.41,TRANSFER OUT
2011-10-23T00:00:00Z,USD,3703.7,TRANSFER OUT
2011-10-23T00:00:00Z,USD,99500.0,TRANSFER OUT
2011-10-23T00:00:00Z,USD,109450.0,TRANSFER OUT
2011-10-23T00:00:00Z,USD,425498.3,TRANSFER OUT
2011-10-23T00:00:00Z,USD,1508255.22,TRANSFER OUT
2011-10-23T00:00:00Z,USD,239758.45,TRANSFER OUT
2011-10-23T00:00:00Z,USD,387717.35,TRANSFER OUT
2011-10-23T00:00:00Z,USD,1507720.02,TRANSFER OUT
2023-11-13T00:00:00Z,USD,2001870.0,TRANSFER IN
2023-11-13T00:00:00Z,USD,150664.18,TRANSFER IN
2023-11-13T00:00:00Z,USD,25000.0,TRANSFER IN
2023-11-13T00:00:00Z,USD,99500.0,TRANSFER OUT
2023-11-13T00:00:00Z,USD,100495.0,TRANSFER OUT
2023-11-13T00:00:00Z,USD,119400.0,TRANSFER OUT
2023-11-13T00:00:00Z,USD,998200.0,TRANSFER OUT
2023-11-13T00:00:00Z,USD,69553.68,TRANSFER OUT
2023-11-13T00:00:00Z,USD,150000.0,TRANSFER OUT
2023-11-13T00:00:00Z,USD,159096.68,TRANSFER OUT
2023-11-13T00:00:00Z,USD,159409.43,TRANSFER OUT
2023-11-13T00:00:00Z,USD,299340.0,TRANSFER OUT
2023-11-13T00:00:00Z,USD,299340.0,TRANSFER OUT
2023-11-14T00:00:00Z,USD,3790124.65,TRANSFER IN
2023-11-14T00:00:00Z,USD,32000.0,TRANSFER IN
2023-11-14T00:00:00Z,USD,196.88,TRANSFER OUT
2023-11-14T00:00:00Z,USD,550.3,TRANSFER OUT
2023-11-14T00:00:00Z,USD,99500.0,TRANSFER OUT
2023-11-14T00:00:00Z,USD,99500.0,TRANSFER OUT
2023-11-14T00:00:00Z,USD,101490.0,TRANSFER OUT
2023-11-14T00:00:00Z,USD,299820.0,TRANSFER OUT
2023-11-14T00:00:00Z,USD,107102.9,TRANSFER OUT
2023-11-14T00:00:00Z,USD,285953.76,TRANSFER OUT
2023-11-14T00:00:00Z,USD,290442.08,TRANSFER OUT
2023-11-14T00:00:00Z,USD,300000.0,TRANSFER OUT
2023-11-14T00:00:00Z,USD,401200.0,TRANSFER OUT
2023-11-14T00:00:00Z,USD,499000.0,TRANSFER OUT
2023-11-14T00:00:00Z,USD,499000.0,TRANSFER OUT
2023-11-14T00:00:00Z,USD,698670.0,TRANSFER OUT
2023-11-15T00:00:00Z,USD,2000586.0,TRANSFER IN
2023-11-15T00:00:00Z,USD,1999800.0,TRANSFER IN
2023-11-15T00:00:00Z,USD,99500.0,TRANSFER IN
2023-11-15T00:00:00Z,USD,50.0,TRANSFER OUT
2023-11-15T00:00:00Z,USD,99500.0,TRANSFER OUT
2023-11-15T00:00:00Z,USD,99500.0,TRANSFER OUT
2023-11-15T00:00:00Z,USD,109450.5,TRANSFER OUT
2023-11-15T00:00:00Z,USD,134325.0,TRANSFER OUT
2023-11-15T00:00:00Z,USD,498900.0,TRANSFER OUT
2023-11-15T00:00:00Z,USD,151944.79,TRANSFER OUT
2023-11-15T00:00:00Z,USD,199600.0,TRANSFER OUT
2023-11-15T00:00:00Z,USD,299340.0,TRANSFER OUT
2023-11-15T00:00:00Z,USD,299340.0,TRANSFER OUT
2023-11-15T00:00:00Z,USD,299400.0,TRANSFER OUT
2023-11-15T00:00:00Z,USD,1997455.32,TRANSFER OUT
2023-11-16T00:00:00Z,USD,1401277.52,TRANSFER IN
2023-11-16T00:00:00Z,USD,100019.66,TRANSFER IN
2023-11-16T00:00:00Z,USD,30000.0,TRANSFER IN
2023-11-16T00:00:00Z,USD,121424.46,TRANSFER IN
2023-11-16T00:00:00Z,USD,3280.62,TRANSFER OUT
2023-11-16T00:00:00Z,USD,25625.37,TRANSFER OUT
2023-11-16T00:00:00Z,USD,109450.0,TRANSFER OUT
2023-11-16T00:00:00Z,USD,100300.0,TRANSFER OUT
2023-11-16T00:00:00Z,USD,284829.95,TRANSFER OUT
2023-11-16T00:00:00Z,USD,300014.51,TRANSFER OUT
2023-11-16T00:00:00Z,USD,329002.02,TRANSFER OUT
2023-11-16T00:00:00Z,USD,599984.94,TRANSFER OUT
2023-11-17T00:00:00Z,USD,5000000.0,TRANSFER IN
2023-11-17T00:00:00Z,USD,20000.0,TRANSFER IN
2023-11-17T00:00:00Z,USD,2751.91,TRANSFER OUT
2023-11-17T00:00:00Z,USD,99500.0,TRANSFER OUT
2023-11-17T00:00:00Z,USD,998200.0,TRANSFER OUT
2023-11-17T00:00:00Z,USD,113386.5,TRANSFER OUT
2023-11-17T00:00:00Z,USD,114827.5,TRANSFER OUT
2023-11-17T00:00:00Z,USD,267991.61,TRANSFER OUT
2023-11-17T00:00:00Z,USDD,297098.02,TRANSFER OUT
2023-11-17T00:00:00Z,USD,998000.0,TRANSFER OUT
2023-11-17T00:00:00Z,USD,999429.6,TRANSFER OUT
2023-11-17T00:00:00Z,USD,1003000.0,TRANSFER OUT
2023-11-20T00:00:00Z,USD,6000000.0,TRANSFER IN
2023-11-20T00:00:00Z,USD,5996.1,TRANSFER OUT
2023-11-20T00:00:00Z,USD,99500.0,TRANSFER OUT
2023-11-20T00:00:00Z,USD,99500.0,TRANSFER OUT
2023-11-20T00:00:00Z,USD,99500.0,TRANSFER OUT
2023-11-20T00:00:00Z,USD,99997.5,TRANSFER OUT
2023-11-20T00:00:00Z,USD,100495.0,TRANSFER OUT
2023-11-20T00:00:00Z,USD,249349.7,TRANSFER OUT
2023-11-20T00:00:00Z,USD,1048466.36,TRANSFER OUT
2023-11-20T00:00:00Z,USD,232080.66,TRANSFER OUT
2023-11-20T00:00:00Z,USD,249360.67,TRANSFER OUT
2023-11-20T00:00:00Z,USD,299430.0,TRANSFER OUT
2023-11-20T00:00:00Z,USD,746715.7,TRANSFER OUT
2023-11-20T00:00:00Z,USD,998100.0,TRANSFER OUT
2023-11-20T00:00:00Z,USD,1653468.0,TRANSFER OUT
2023-11-21T00:00:00Z,USD,2430633.0,TRANSFER IN
2023-11-21T00:00:00Z,USD,35000.0,TRANSFER IN
2023-11-21T00:00:00Z,USD,100150.0,TRANSFER IN
2023-11-21T00:00:00Z,USD,99500.0,TRANSFER OUT
2023-11-21T00:00:00Z,USD,100495.0,TRANSFER OUT
2023-11-21T00:00:00Z,USD,498900.0,TRANSFER OUT
2023-11-21T00:00:00Z,USD,99720.0,TRANSFER OUT
2023-11-21T00:00:00Z,USD,199400.0,TRANSFER OUT
2023-11-21T00:00:00Z,USD,218449.47,TRANSFER OUT
2023-11-21T00:00:00Z,USD,1297530.0,TRANSFER OUT
2023-11-22T00:00:00Z,USD,7203265.0,TRANSFER IN
2023-11-22T00:00:00Z,USD,499900.92,TRANSFER IN
2023-11-22T00:00:00Z,USD,32000.0,TRANSFER IN
2023-11-22T00:00:00Z,USD,100000.0,TRANSFER OUT
2023-11-22T00:00:00Z,USD,2248.64,TRANSFER OUT
2023-11-22T00:00:00Z,USD,2980.82,TRANSFER OUT
2023-11-22T00:00:00Z,USD,99500.0,TRANSFER OUT
2023-11-22T00:00:00Z,USD,203408.04,TRANSFER OUT
2023-11-22T00:00:00Z,USD,137327.78,TRANSFER OUT
2023-11-22T00:00:00Z,USD,199640.0,TRANSFER OUT
2023-11-22T00:00:00Z,USD,249962.86,TRANSFER OUT
2023-11-22T00:00:00Z,USD,313694.0,TRANSFER OUT
2023-11-22T00:00:00Z,USD,498900.0,TRANSFER OUT
2023-11-22T00:00:00Z,USD,499100.0,TRANSFER OUT
2023-11-22T00:00:00Z,USD,598920.0,TRANSFER OUT
2023-11-22T00:00:00Z,USD,1497300.0,TRANSFER OUT
2023-11-22T00:00:00Z,USD,1565743.0,TRANSFER OUT
2023-11-22T00:00:00Z,USD,1686442.56,TRANSFER OUT
2023-11-24T00:00:00Z,USD,1000436.66,TRANSFER IN
2023-11-24T00:00:00Z,USD,30000.0,TRANSFER IN
2023-11-24T00:00:00Z,USD,3526.8,TRANSFER OUT
2023-11-24T00:00:00Z,USD,36036.38,TRANSFER OUT
2023-11-24T00:00:00Z,USD,109450.0,TRANSFER OUT
2023-11-24T00:00:00Z,USD,111440.0,TRANSFER OUT
2023-11-24T00:00:00Z,USD,119400.0,TRANSFER OUT
2023-11-24T00:00:00Z,USD,299156.19,TRANSFER OUT
2023-11-24T00:00:00Z,USD,305371.13,TRANSFER OUT
2023-11-24T00:00:00Z,USD,366256.92,TRANSFER OUT
2023-11-27T00:00:00Z,USD,5516493.29,TRANSFER IN
2023-11-27T00:00:00Z,USD,31000.0,TRANSFER IN
2023-11-27T00:00:00Z,USD,50000.0,TRANSFER IN
2023-11-27T00:00:00Z,USD,4014.46,TRANSFER OUT
2023-11-27T00:00:00Z,USD,99500.0,TRANSFER OUT
2023-11-27T00:00:00Z,USD,99500.0,TRANSFER OUT
2023-11-27T00:00:00Z,USD,99799.7,TRANSFER OUT
2023-11-27T00:00:00Z,USD,99997.5,TRANSFER OUT
2023-11-27T00:00:00Z,USD,99997.5,TRANSFER OUT
2023-11-27T00:00:00Z,USD,101490.0,TRANSFER OUT
2023-11-27T00:00:00Z,USD,215869.9,TRANSFER OUT
2023-11-27T00:00:00Z,USD,299269.49,TRANSFER OUT
2023-11-27T00:00:00Z,USD,498000.0,TRANSFER OUT
2023-11-27T00:00:00Z,USD,32723.13,TRANSFER OUT
2023-11-27T00:00:00Z,USD,299460.0,TRANSFER OUT
2023-11-27T00:00:00Z,USD,399000.01,TRANSFER OUT
2023-11-27T00:00:00Z,USD,448831.95,TRANSFER OUT
2023-11-27T00:00:00Z,USD,499100.0,TRANSFER OUT
2023-11-27T00:00:00Z,USD,998100.0,TRANSFER OUT
2023-11-27T00:00:00Z,USD,1098020.0,TRANSFER OUT
2023-11-28T00:00:00Z,USD,6828429.0,TRANSFER IN
2023-11-28T00:00:00Z,USD,40000.0,TRANSFER IN
2023-11-28T00:00:00Z,USD,109450.0,TRANSFER OUT
2023-11-28T00:00:00Z,USD,498550.0,TRANSFER OUT
2023-11-28T00:00:00Z,USD,1002160.86,TRANSFER OUT
2023-11-28T00:00:00Z,USD,68058.0,TRANSFER OUT
2023-11-28T00:00:00Z,USD,129528.04,TRANSFER OUT
2023-11-28T00:00:00Z,USD,199600.0,TRANSFER OUT
2023-11-28T00:00:00Z,USD,249000.0,TRANSFER OUT
2023-11-28T00:00:00Z,USD,270572.34,TRANSFER OUT
2023-11-28T00:00:00Z,USD,299771.98,TRANSFER OUT
2023-11-28T00:00:00Z,USD,499000.0,TRANSFER OUT
2023-11-28T00:00:00Z,USD,1413190.0,TRANSFER OUT
2023-11-28T00:00:00Z,USD,1582310.0,TRANSFER OUT
2023-11-29T00:00:00Z,USD,1500463.49,TRANSFER IN
2023-11-29T00:00:00Z,USD,38000.0,TRANSFER IN
2023-11-29T00:00:00Z,USD,200000.0,TRANSFER IN
2023-11-29T00:00:00Z,USD,99500.0,TRANSFER OUT
2023-11-29T00:00:00Z,USD,99500.0,TRANSFER OUT
2023-11-29T00:00:00Z,USD,676963.0,TRANSFER OUT
2023-11-29T00:00:00Z,USD,165878.07,TRANSFER OUT
2023-11-29T00:00:00Z,USD,199000.0,TRANSFER OUT
2023-11-29T00:00:00Z,USD,199620.0,TRANSFER OUT
2023-11-29T00:00:00Z,USD,998100.0,TRANSFER OUT
2023-11-30T00:00:00Z,USD,2500031.99,TRANSFER IN
2023-11-30T00:00:00Z,USD,657.8,TRANSFER OUT
2023-11-30T00:00:00Z,USD,99500.0,TRANSFER OUT
2023-11-30T00:00:00Z,USD,99500.0,TRANSFER OUT
2023-11-30T00:00:00Z,USD,99500.7,TRANSFER OUT
2023-11-30T00:00:00Z,USD,99599.5,TRANSFER OUT
2023-11-30T00:00:00Z,USD,16830.0,TRANSFER OUT
2023-11-30T00:00:00Z,USD,89716.21,TRANSFER OUT
2023-11-30T00:00:00Z,USD,432285.24,TRANSFER OUT
2023-11-30T00:00:00Z,USD,499100.0,TRANSFER OUT
2023-11-30T00:00:00Z,USD,499100.0,TRANSFER OUT
2023-11-30T00:00:00Z,USD,598920.0,TRANSFER OUT
2012-01-23T00:00:00Z,USD,1912069.0,TRANSFER IN
2012-01-23T00:00:00Z,USD,20000.0,TRANSFER IN
2012-01-23T00:00:00Z,USD,89977.0,TRANSFER IN
2012-01-23T00:00:00Z,USD,100000.0,TRANSFER IN
2012-01-23T00:00:00Z,USD,1111.88,TRANSFER OUT
2012-01-23T00:00:00Z,USD,99980.0,TRANSFER OUT
2012-01-23T00:00:00Z,USD,109450.0,TRANSFER OUT
2012-01-23T00:00:00Z,USD,200000.0,TRANSFER OUT
2012-01-23T00:00:00Z,USD,499100.0,TRANSFER OUT
2012-01-23T00:00:00Z,USD,99980.0,TRANSFER OUT
2012-01-23T00:00:00Z,USD,150000.0,TRANSFER OUT
2012-01-23T00:00:00Z,USD,199440.0,TRANSFER OUT
2012-01-23T00:00:00Z,USD,325729.81,TRANSFER OUT
2012-04-23T00:00:00Z,USD,2514940.52,TRANSFER IN
2012-04-23T00:00:00Z,USD,2500101.08,TRANSFER IN
2012-04-23T00:00:00Z,USD,1499690.0,TRANSFER IN
2012-04-23T00:00:00Z,USD,45000.0,TRANSFER IN
2012-04-23T00:00:00Z,USD,280.0,TRANSFER OUT
2012-04-23T00:00:00Z,USD,9650.17,TRANSFER OUT
2012-04-23T00:00:00Z,USD,36692.1,TRANSFER OUT
2012-04-23T00:00:00Z,USD,48870.09,TRANSFER OUT
2012-04-23T00:00:00Z,USD,99500.0,TRANSFER OUT
2012-04-23T00:00:00Z,USD,99500.0,TRANSFER OUT
2012-04-23T00:00:00Z,USD,249250.0,TRANSFER OUT
2012-04-23T00:00:00Z,USD,382322.58,TRANSFER OUT
2012-04-23T00:00:00Z,USD,382970.63,TRANSFER OUT
2012-04-23T00:00:00Z,USD,500.0,TRANSFER OUT
2012-04-23T00:00:00Z,USD,49742.4,TRANSFER OUT
2012-04-23T00:00:00Z,USD,137897.06,TRANSFER OUT
2012-04-23T00:00:00Z,USD,276860.92,TRANSFER OUT
2012-04-23T00:00:00Z,USD,998400.0,TRANSFER OUT
2012-04-23T00:00:00Z,USD,998400.0,TRANSFER OUT
2012-04-23T00:00:00Z,USD,1000000.0,TRANSFER OUT
2012-04-23T00:00:00Z,USD,2175944.88,TRANSFER OUT
2012-05-23T00:00:00Z,USD,3937270.0,TRANSFER IN
2012-05-23T00:00:00Z,USD,20000.0,TRANSFER IN
2012-05-23T00:00:00Z,USD,129350.0,TRANSFER OUT
2012-05-23T00:00:00Z,USD,311484.75,TRANSFER OUT
2012-05-23T00:00:00Z,USD,470586.99,TRANSFER OUT
2012-05-23T00:00:00Z,USD,2352294.63,TRANSFER OUT
2012-06-23T00:00:00Z,USD,3999410.0,TRANSFER IN
2012-06-23T00:00:00Z,USD,49732.4,TRANSFER IN
2012-06-23T00:00:00Z,USD,2000000.0,TRANSFER IN
2012-06-23T00:00:00Z,USD,100000.0,TRANSFER OUT
2012-06-23T00:00:00Z,USD,99500.0,TRANSFER OUT
2012-06-23T00:00:00Z,USD,117410.0,TRANSFER OUT
2012-06-23T00:00:00Z,USD,100000.0,TRANSFER OUT
2012-06-23T00:00:00Z,USD,136388.6,TRANSFER OUT
2012-06-23T00:00:00Z,USD,285000.81,TRANSFER OUT
2012-06-23T00:00:00Z,USD,298607.96,TRANSFER OUT
2012-06-23T00:00:00Z,USD,448650.0,TRANSFER OUT
2012-06-23T00:00:00Z,USD,498500.0,TRANSFER OUT
2012-06-23T00:00:00Z,USD,998200.0,TRANSFER OUT
2012-06-23T00:00:00Z,USD,2240741.47,TRANSFER OUT
